bet_id,placed,sport,competition,event_date,round_week,event,bet_type,selection,team,line,decimal_odds,stake_eur,result,returns_eur,profit_eur,source,notes
1,,soccer,,,,,Bet Builder,Liverpool v ...,,,,5,Lost,0.0,-5.0,"screenshots 2026-10-02, 1/1",selection cut off on screen
2,,nfl,NFL,,,,Bet Builder,DEN ...,DEN Broncos,,,5,Lost,0.0,-5.0,"screenshots 2026-10-02, 1/2",selection cut off; score box on screen shows 10 / 31
3,,nfl,NFL,,,,Bet Builder,NE Patriots...,NE Patriots,,,5,Lost,0.0,-5.0,"screenshots 2026-10-02, 1/3",selection cut off on screen
4,,soccer,,,,,Doubles,Bruno Fernand...,,,,2,Lost,0.0,-2.0,"screenshots 2026-10-02, 1/4",selection cut off; 2.00 as shown (may be the stake per double)
5,,soccer,,,,,Bet Builder,Everton v ...,,,,5,Lost,0.0,-5.0,"screenshots 2026-10-02, 1/5",selection cut off on screen
6,,boxing,,,,,Single,Katie Taylor by D...,,,2.0,10,Won,20.0,10.0,"screenshots 2026-10-02, 1/6",selection cut off (to win by decision?)
7,,racing,,,,,Single,Constitution Hill,,,,10,Lost,0.0,-10.0,"screenshots 2026-10-02, 1/7",horse racing
8,,nfl,NFL,,,,Single,DEN Broncos -2.5,DEN Broncos,-2.5,1.8696,25,Won,46.74,21.74,"screenshots 2026-10-02, 2/1",
9,,nfl,NFL,,,,Single,GB Packers -4.5,GB Packers,-4.5,,25,Lost,0.0,-25.0,"screenshots 2026-10-02, 2/2",
10,,nfl,NFL,,,,Single,HOU Texans -2.5,HOU Texans,-2.5,,25,Lost,0.0,-25.0,"screenshots 2026-10-02, 2/3",
11,,nfl,NFL,,,,Single,NE Patriots -5.5,NE Patriots,-5.5,1.9524,25,Won,48.81,23.81,"screenshots 2026-10-02, 2/4",
12,,nfl,NFL,,,,Single,NO Saints +8.5,NO Saints,8.5,1.9092,25,Won,47.73,22.73,"screenshots 2026-10-02, 2/5",
13,,nfl,NFL,,,,Single,DET Lions +3.5,DET Lions,3.5,,25,Lost,0.0,-25.0,"screenshots 2026-10-02, 2/6",
14,,nfl,NFL,,,,Bet Builder,DET Lions ...,DET Lions,,3.0,5,Won,15.0,10.0,"screenshots 2026-10-02, 2/7",selection cut off on screen
15,,rugby,URC,2026-09-25,R1,Ulster v Edinburgh,Single,Edinburgh +11.5,Edinburgh,11.5,1.8,25,Won,45.0,20.0,"screenshots 2026-10-02, 3/1",
16,,racing,,,,,Single,Talk Of New York,,,2.0,5,Won,10.0,5.0,"screenshots 2026-10-02, 3/2",assumed horse racing - please confirm
17,,soccer,,,,,Single,Bruno Fernandes,,,,10,Lost,0.0,-10.0,"screenshots 2026-10-02, 3/3",player bet (Man Utd)
18,,nfl,NFL,,,,Single,KC Chiefs -6.5,KC Chiefs,-6.5,,25,Lost,0.0,-25.0,"screenshots 2026-10-02, 3/4",
19,,nfl,NFL,,,,Single,DAL Cowboys -...,DAL Cowboys,,1.8696,25,Won,46.74,21.74,"screenshots 2026-10-02, 3/5",line cut off on screen (a minus line)
20,,nfl,NFL,,,,Single,SEA Seahawks -...,SEA Seahawks,,1.9524,25,Won,48.81,23.81,"screenshots 2026-10-02, 3/6",line cut off on screen (a minus line)
21,,nfl,NFL,,,,Single,MIA Dolphins +1...,MIA Dolphins,,,25,Lost,0.0,-25.0,"screenshots 2026-10-02, 3/7",line cut off (+1...); a second identical-looking bet is in screenshot 4 - confirm both are real
22,,nfl,NFL,,,,Single,TB Buccaneers ...,TB Buccaneers,,,25,Lost,0.0,-25.0,"screenshots 2026-10-02, 4/1",line cut off on screen
23,,nfl,NFL,,,,Single,LA Chargers +7.5,LA Chargers,7.5,,25,Lost,0.0,-25.0,"screenshots 2026-10-02, 4/2",
24,,nfl,NFL,,,,Single,MIA Dolphins +1...,MIA Dolphins,,,25,Lost,0.0,-25.0,"screenshots 2026-10-02, 4/3",line cut off (+1...); see the one in screenshot 3
25,,nfl,NFL,,,,Single,DET Lions -6.5,DET Lions,-6.5,1.8696,25,Won,46.74,21.74,"screenshots 2026-10-02, 4/4",
26,,rugby,URC,2026-09-26,R1,Munster v Glasgow,Single,Munster +2.5,Munster,2.5,,25,Lost,0.0,-25.0,"screenshots 2026-10-02, 4/5",
27,,rugby,URC,2026-09-26,R1,Zebre v Bulls,Single,Bulls -8.5,Bulls,-8.5,1.9092,25,Won,47.73,22.73,"screenshots 2026-10-02, 4/6",
28,,rugby,URC,2026-09-26,R1,Lions v Leinster,Single,Lions +6.5,Lions,6.5,1.7276,25,Won,43.19,18.19,"screenshots 2026-10-02, 4/7","URC Lions, not Detroit: no city prefix, and it settled on Lions 27-26 Leinster"
