round,date,home,away,neutral,line,home_score,away_score,home_turnovers_conceded,away_turnovers_conceded
15,,,,,,,,,
15,,,,,,,,,
15,,,,,,,,,
15,,,,,,,,,
15,,,,,,,,,
15,,,,,,,,,
15,,,,,,,,,
15,,,,,,,,,
16,,,,,,,,,
16,,,,,,,,,
16,,,,,,,,,
16,,,,,,,,,
16,,,,,,,,,
16,,,,,,,,,
16,,,,,,,,,
16,,,,,,,,,
17,,,,,,,,,
17,,,,,,,,,
17,,,,,,,,,
17,,,,,,,,,
17,,,,,,,,,
17,,,,,,,,,
17,,,,,,,,,
17,,,,,,,,,
18,,,,,,,,,
18,,,,,,,,,
18,,,,,,,,,
18,,,,,,,,,
18,,,,,,,,,
18,,,,,,,,,
18,,,,,,,,,
18,,,,,,,,,
19,,,,,,,,,
19,,,,,,,,,
19,,,,,,,,,
19,,,,,,,,,
20,,,,,,,,,
20,,,,,,,,,
21,,,,,,,,,
