name,position,team,price,stars,factor_letters,xpts90,form_points,justice_margin,selected,minutes,points,eligible,quality,value,form,justice,crowd
Nordi Mukiele,DEF,Sunderland,4.600,5,QVFJC,4.878,4,0.570,1135103,90,4,True,1,1,1,1,1
Yerson Mosquera Valdelamar,DEF,Wolves,4.300,5,QVFJC,4.481,3,0.280,12370,90,3,True,1,1,1,1,1
Tomáš Souček,MID,West Ham,5.700,5,QVFJC,4.384,3,0.840,63103,90,3,True,1,1,1,1,1
Michael Keane,DEF,Everton,4.500,5,QVFJC,3.982,4,0.190,406723,90,4,True,1,1,1,1,1
Nikola Milenković,DEF,Nott'm Forest,5.100,5,QVFJC,3.702,4,0.260,429989,90,4,True,1,1,1,1,1
James Garner,MID,Everton,5.200,5,QVFJC,3.347,4,0.310,472756,90,4,True,1,1,1,1,1
José Malheiro de Sá,GK,Wolves,4.200,5,QVFJC,3.345,6,0.020,145367,90,6,True,1,1,1,1,1
Felipe Rodrigues da Silva,DEF,Nott'm Forest,4.300,5,QVFJC,3.072,4,0.050,13893,90,4,True,1,1,1,1,1
Cristhian Mosquera,DEF,Arsenal,5.300,5,QVFJC,3.041,4,0.030,41959,90,4,True,1,1,1,1,1
Mason Mount,MID,Man Utd,5.900,5,QVFJC,3.034,5,0.130,37178,73,5,True,1,1,1,1,1
Nico González Iglesias,MID,Man City,5.900,5,QVFJC,2.880,4,0.170,13716,90,4,True,1,1,1,1,1
Rodrigo Bentancur,MID,Spurs,5.200,5,QVFJC,2.870,5,0.010,23467,81,5,True,1,1,1,1,1
Emiliano Buendía Stati,MID,Aston Villa,5.300,5,QVFJC,2.842,6,0.140,48382,90,6,True,1,1,1,1,1
Enzo Le Fée,MID,Sunderland,4.800,5,QVFJC,2.791,5,0.740,216991,90,5,True,1,1,1,1,1
Jefferson Lerma Solís,MID,Crystal Palace,4.900,5,QVFJC,2.740,4,0.220,11797,90,4,True,1,1,1,1,1
Alex Iwobi,MID,Fulham,6.100,5,QVFJC,2.543,3,0.430,145619,90,3,True,1,1,1,1,1
André Trindade da Costa Neto,MID,Wolves,5.200,5,QVFJC,2.475,4,0.020,13847,90,4,True,1,1,1,1,1
Ibrahim Sangaré,MID,Nott'm Forest,4.900,5,QVFJC,2.442,4,0.030,8201,64,4,True,1,1,1,1,1
Tyler Adams,MID,Bournemouth,4.900,5,QVFJC,2.337,4,0.040,35714,90,4,True,1,1,1,1,1
Florentino Ibrain Morris Luís,MID,Burnley,5.000,5,QVFJC,2.334,4,0.050,5813,90,4,True,1,1,1,1,1
Tim Iroegbunam,MID,Everton,4.800,5,QVFJC,2.320,4,0.010,5040,83,4,True,1,1,1,1,1
Jacob Ramsey,MID,Newcastle,5.300,5,QVFJC,2.254,4,0.030,33176,90,4,True,1,1,1,1,1
Mathys Tel,MID,Spurs,6.200,5,QVFJC,2.169,3,0.320,69194,72,3,True,1,1,1,1,1
Ethan Ampadu,MID,Leeds,4.900,5,QVFJC,2.164,3,0.030,78959,90,3,True,1,1,1,1,1
Tanaka Ao,MID,Leeds,4.800,5,QVFJC,2.135,4,0.010,27475,77,4,True,1,1,1,1,1
Matz Sels,GK,Nott'm Forest,4.600,5,QVFJC,2.072,3,0.050,663169,90,3,True,1,1,1,1,1
John Stones,DEF,Man City,5.400,5,QVFJC,2.036,3,0.610,80243,77,3,True,1,1,1,1,1
Levi Samuels Colwill,DEF,Chelsea,4.700,5,QVFJC,2.015,3,0.260,20220,90,3,True,1,1,1,1,1
Conor Gallagher,MID,Spurs,5.000,5,QVFJC,1.904,3,0.200,32430,81,3,True,1,1,1,1,1
Sven Botman,DEF,Newcastle,4.900,5,QVFJC,1.750,3,0.190,66749,90,3,True,1,1,1,1,1
Oscar Bobb,MID,Fulham,5.100,5,QVFJC,1.529,3,0.190,27361,71,3,True,1,1,1,1,1
Issa Diop,DEF,Fulham,4.300,4,QVFC,8.086,15,-0.420,10570,85,15,True,1,1,1,0,1
Bryan Mbeumo,MID,Man Utd,8.300,4,QVFC,6.262,9,-0.070,1959359,73,9,True,1,1,1,0,1
Kevin Danso,DEF,Spurs,4.200,4,QVFC,5.680,8,-0.200,27617,90,8,True,1,1,1,0,1
Brian Brobbey,FWD,Sunderland,5.300,4,QVFC,5.505,5,-0.080,122522,60,5,True,1,1,1,0,1
Patrick Dorgu,DEF,Man Utd,4.100,4,QVFC,5.367,18,-1.970,313605,61,18,True,1,1,1,0,1
João Maria Lobo Alves Palhares Costa Palhinha Gonçalves,MID,Spurs,5.500,4,QVFC,5.194,12,-0.490,118309,90,12,True,1,1,1,0,1
Pedro Porro Sauceda,DEF,Spurs,5.200,4,QVFC,5.140,10,-0.240,1547038,90,10,True,1,1,1,0,1
Ollie Watkins,FWD,Aston Villa,8.700,4,QVFC,4.990,13,-0.750,1706489,90,13,True,1,1,1,0,1
Yéremy Pino Santos,MID,Crystal Palace,5.800,4,QVFC,4.726,4,-0.410,23279,45,4,True,1,1,1,0,1
Kevin Schade,MID,Brentford,6.800,4,QVFC,4.598,7,-0.090,173575,90,7,True,1,1,1,0,1
Gabriel Fernando de Jesus,FWD,Arsenal,6.400,4,QVFC,4.391,5,-0.090,47527,74,5,True,1,1,1,0,1
Kai Havertz,FWD,Arsenal,7.300,4,QVFC,4.280,4,-0.420,90159,45,4,True,1,1,1,0,1
Riccardo Calafiori,DEF,Arsenal,5.600,4,QVJC,4.169,1,0.050,782847,45,1,True,1,1,0,1,1
Callum Wilson,FWD,West Ham,5.800,4,QVFC,3.900,5,-0.500,74430,45,5,True,1,1,1,0,1
Adam Armstrong,FWD,Wolves,5.100,4,QVFC,3.896,7,-0.210,7475,73,7,True,1,1,1,0,1
Chris Wood,FWD,Nott'm Forest,7.100,4,QVJC,3.821,2,0.670,610435,61,2,True,1,1,0,1,1
Timothy Castagne,DEF,Fulham,4.300,4,QVFC,3.769,8,-0.070,24748,90,8,True,1,1,1,0,1
Amad Diallo,MID,Man Utd,6.200,4,QVFC,3.624,7,-0.050,170364,90,7,True,1,1,1,0,1
Curtis Jones,MID,Liverpool,5.400,4,QVFC,3.570,10,-0.300,14943,90,10,True,1,1,1,0,1
Tijjani Reijnders,MID,Man City,5.000,4,QVFC,3.561,5,-0.410,1167977,76,5,True,1,1,1,0,1
Destiny Udogie,DEF,Spurs,4.300,4,QVFC,3.504,7,-0.120,41421,89,7,True,1,1,1,0,1
Bernd Leno,GK,Fulham,5.000,4,QVFC,3.475,6,-0.310,305887,90,6,True,1,1,1,0,1
Valentín Castellanos,FWD,West Ham,5.500,4,QVFC,3.466,8,-0.160,44464,87,8,True,1,1,1,0,1
Lukas Nmecha,FWD,Leeds,5.000,4,QVJC,3.250,2,0.950,70977,90,2,True,1,1,0,1,1
Antonee Robinson,DEF,Fulham,4.900,4,QVFC,3.199,6,-0.190,123919,90,6,True,1,1,1,0,1
Ian Maatsen,DEF,Aston Villa,4.200,4,QVFC,2.917,5,-0.180,70635,90,5,True,1,1,1,0,1
Santiago Ignacio Bueno,DEF,Wolves,4.400,4,QVJC,2.871,2,0.330,25402,90,2,True,1,1,0,1,1
Trai Hume,DEF,Sunderland,4.500,4,QVFC,2.848,8,-0.520,42572,90,8,True,1,1,1,0,1
Mateus Mané,FWD,Wolves,4.200,4,QVJC,2.820,2,0.880,191023,90,2,True,1,1,0,1,1
Antonín Kinský,GK,Spurs,3.900,4,QVFC,2.783,5,-0.410,257849,90,5,True,1,1,1,0,1
Calvin Bassey,DEF,Fulham,4.400,4,QVFC,2.779,6,-0.310,107329,90,6,True,1,1,1,0,1
Mateus Gonçalo Espanha Fernandes,MID,West Ham,5.500,4,QVFC,2.764,9,-0.820,84838,90,9,True,1,1,1,0,1
Dango Ouattara,MID,Brentford,5.600,4,QVJC,2.678,2,0.530,214480,90,2,True,1,1,0,1,1
Noni Madueke,MID,Arsenal,6.800,4,QVFC,2.677,11,-0.530,109873,83,11,True,1,1,1,0,1
Djed Spence,DEF,Spurs,4.100,4,QVFC,2.600,6,-0.380,118751,90,6,True,1,1,1,0,1
Pablo Felipe Pereira de Jesus,FWD,West Ham,5.400,4,QVJC,2.560,1,0.350,2532,45,1,True,1,1,0,1,1
Nilson Angulo,MID,Sunderland,5.000,4,QVJC,2.487,1,0.300,618,60,1,True,1,1,0,1,1
Hannibal Mejbri,MID,Burnley,4.700,4,QVJC,2.463,1,0.460,18590,65,1,True,1,1,0,1,1
Brenden Aaronson,MID,Leeds,5.400,4,QVJC,2.396,1,0.570,96887,90,1,True,1,1,0,1,1
Tyrone Mings,DEF,Aston Villa,4.300,4,QVFC,2.377,4,-0.340,82071,90,4,True,1,1,1,0,1
Diego Gómez Amarilla,MID,Brighton,4.900,4,QVJC,2.316,1,0.290,48540,58,1,True,1,1,0,1,1
Chadi Riad Dnanou,DEF,Crystal Palace,4.000,4,QVFC,2.224,3,-0.320,6791,90,3,True,1,1,1,0,1
Senne Lammens,GK,Man Utd,5.100,4,QVFC,2.087,6,-0.790,468325,90,6,True,1,1,1,0,1
Bernardo Mota Veiga de Carvalho e Silva,MID,Man City,6.200,4,QVJC,2.080,1,0.220,91229,58,1,True,1,1,0,1,1
Luke Shaw,DEF,Man Utd,4.500,4,QVFC,2.036,6,-0.530,145514,81,6,True,1,1,1,0,1
Noussair Mazraoui,DEF,Man Utd,4.900,4,QVFC,1.991,6,-0.460,33973,73,6,True,1,1,1,0,1
Ladislav Krejcí,DEF,Wolves,4.500,4,QVFC,1.953,6,-0.500,9619,65,6,True,1,1,1,0,1
David Møller Wolfe,DEF,Wolves,4.200,4,QVJC,1.771,2,0.470,8573,73,2,True,1,1,0,1,1
Luke O'Nien,DEF,Sunderland,4.000,4,QVFC,1.708,6,-0.800,11731,90,6,True,1,1,1,0,1
Kepa Arrizabalaga Revuelta,GK,Arsenal,4.000,4,QVJC,1.678,2,0.020,57984,90,2,True,1,1,0,1,1
Hwang Hee-chan,MID,Wolves,5.600,4,QVJC,1.645,1,0.390,17672,90,1,True,1,1,0,1,1
Lisandro Martínez,DEF,Man Utd,4.800,4,QVFC,1.450,6,-0.780,58383,90,6,True,1,1,1,0,1
Christian Nørgaard,MID,Arsenal,5.100,4,QVJC,1.445,1,0.070,17646,45,1,True,1,1,0,1,1
Max Dowman,MID,Arsenal,4.200,4,QVFJ,1.442,3,0.160,127316,61,3,True,1,1,1,1,0
Lesley Ugochukwu,MID,Burnley,5.000,4,QVJC,1.432,2,0.240,14081,74,2,True,1,1,0,1,1
Rodrigo Martins Gomes,DEF,Wolves,4.400,4,QVJC,1.381,2,0.240,10534,81,2,True,1,1,0,1,1
Lutsharel Geertruida,DEF,Sunderland,4.500,4,QVJC,1.288,1,0.140,7107,90,1,True,1,1,0,1,1
Dominik Szoboszlai,MID,Liverpool,7.100,3,QVJ,3.360,2,0.770,2006461,90,2,True,1,1,0,1,0
James Tarkowski,DEF,Everton,5.800,3,QVF,3.052,3,-0.090,1651131,90,3,True,1,1,1,0,0
Morgan Gibbs-White,MID,Nott'm Forest,7.600,3,QVF,2.857,9,-0.490,1234423,90,9,True,1,1,1,0,0
Micky van de Ven,DEF,Spurs,4.400,3,QVF,2.630,6,-0.380,2311766,90,6,True,1,1,1,0,0
Dominic Calvert-Lewin,FWD,Leeds,5.800,3,QVJ,2.581,2,0.490,1792682,68,2,True,1,1,0,1,0
João Pedro Junqueira de Jesus,FWD,Chelsea,7.400,3,QVJ,2.360,1,0.590,4542473,90,1,True,1,1,0,1,0
Alexis Mac Allister,MID,Liverpool,6.100,3,QVJ,2.180,1,0.430,231747,90,1,True,1,1,0,1,0
Konstantinos Mavropanos,DEF,West Ham,4.500,3,QVF,2.051,8,-1.580,350546,90,8,True,1,1,1,0,0
Elliot Anderson,MID,Nott'm Forest,5.700,3,QVJ,2.031,2,0.400,1256150,64,2,True,1,1,0,1,0
James Hill,DEF,Bournemouth,4.200,3,QVF,1.874,3,-0.720,965625,90,3,True,1,1,1,0,0
Robin Roefs,GK,Sunderland,4.800,3,QVJ,1.864,2,0.110,1051377,90,2,True,1,1,0,1,0
Marcus Tavernier,MID,Bournemouth,5.300,3,QVF,1.827,10,-0.610,553186,90,10,True,1,1,1,0,0
Gabriel Martinelli Silva,MID,Arsenal,6.800,3,QVF,1.745,7,-0.630,119690,90,7,True,1,1,1,0,0
Harry Maguire,DEF,Man Utd,4.400,3,QVF,1.690,6,-0.700,218782,90,6,True,1,1,1,0,0
Nathan Collins,DEF,Brentford,4.900,3,QVF,1.661,3,-1.710,317537,90,3,True,1,1,1,0,0
Neco Williams,DEF,Nott'm Forest,4.800,3,QVJ,1.642,2,0.170,547266,90,2,True,1,1,0,1,0
Ibrahima Konaté,DEF,Liverpool,5.400,3,QVJ,1.602,1,0.030,493007,88,1,True,1,1,0,1,0
Bart Verbruggen,GK,Brighton,4.600,3,QVJ,1.597,2,1.340,1216101,90,2,True,1,1,0,1,0
Andrew Robertson,DEF,Liverpool,5.700,3,QJC,1.525,2,0.140,153553,82,2,True,1,0,0,1,1
Malo Gusto,DEF,Chelsea,4.800,3,QVJ,1.420,-1,0.780,226854,84,-1,True,1,1,0,1,0
Robert Lynch Sánchez,GK,Chelsea,4.800,3,QVJ,1.382,2,0.160,1355390,90,2,True,1,1,0,1,0
Piero Hincapié,DEF,Arsenal,5.100,3,QJC,1.251,2,0.070,116550,90,2,True,1,0,0,1,1
Sander Berge,MID,Fulham,4.900,3,FJC,0.823,3,0.030,10329,90,3,True,0,0,1,1,1
Mohamed Salah,MID,Liverpool,14.000,2,QF,3.436,6,-0.310,2008171,73,6,True,1,0,1,0,0
Matty Cash,DEF,Aston Villa,4.600,2,QV,2.873,1,-0.140,959217,45,1,True,1,1,0,0,0
Antoine Semenyo,MID,Man City,8.000,2,QF,1.612,6,-0.830,6034289,57,6,True,1,0,1,0,0
Crysencio Summerville,MID,West Ham,5.400,2,VF,1.424,6,-0.620,219509,90,6,True,0,1,1,0,0
Rio Ngumoha,MID,Liverpool,4.300,2,VJ,1.300,2,0.190,190522,72,2,True,0,1,0,1,0
Leon Bailey,MID,Aston Villa,5.500,2,FC,1.242,5,-0.800,13902,90,5,True,0,0,1,0,1
Reinildo Mandava,DEF,Sunderland,3.800,2,VJ,1.228,2,0.120,388757,90,2,True,0,1,0,1,0
Lucas Pires Silva,DEF,Burnley,3.800,2,VC,1.220,2,-0.770,33986,90,2,True,0,1,0,0,1
Kevin Santos Lopes de Macedo,MID,Fulham,5.700,2,FC,1.217,4,-0.940,6917,59,4,True,0,0,1,0,1
Emile Smith Rowe,MID,Fulham,5.600,2,FJ,1.186,3,0.060,66317,71,3,True,0,0,1,1,0
Marco Bizot,GK,Aston Villa,4.200,2,VC,1.044,2,-0.340,48467,90,2,True,0,1,0,0,1
Joe Willock,MID,Newcastle,5.000,2,JC,1.034,2,0.190,11912,90,2,True,0,0,0,1,1
Mads Hermansen,GK,West Ham,4.200,2,FC,1.021,7,-1.590,137882,90,7,True,0,0,1,0,1
Mathias Jensen,MID,Brentford,4.900,2,JC,0.996,2,0.240,19057,82,2,True,0,0,0,1,1
Omari Hutchinson,MID,Nott'm Forest,5.400,2,FC,0.945,5,-0.840,9739,77,5,True,0,0,1,0,1
Alex Tóth,MID,Bournemouth,4.900,2,JC,0.879,1,0.110,955,56,1,True,0,0,0,1,1
Rodrigo Muniz Carvalho,FWD,Fulham,5.300,2,JC,0.849,2,0.170,96393,71,2,True,0,0,0,1,1
James Trafford,GK,Man City,4.500,2,JC,0.796,2,0.230,120390,90,2,True,0,0,0,1,1
Nathan Aké,DEF,Man City,5.200,2,JC,0.721,1,0.730,78613,76,1,True,0,0,0,1,1
Jair Paula da Cunha Filho,DEF,Nott'm Forest,4.200,2,JC,0.672,2,0.200,8141,62,2,True,0,0,0,1,1
Vitaly Janelt,MID,Brentford,4.900,2,JC,0.588,1,0.180,12731,90,1,True,0,0,0,1,1
Ross Barkley,MID,Aston Villa,4.800,2,FC,0.520,5,-0.920,11116,85,5,True,0,0,1,0,1
Angel Gomes,MID,Wolves,4.600,2,JC,0.502,2,0.010,2100,65,2,True,0,0,0,1,1
Noah Sadiki,MID,Sunderland,4.900,2,JC,0.471,1,0.020,8363,90,1,True,0,0,0,1,1
Max Weiß,GK,Burnley,4.200,2,FC,0.450,3,-1.090,28141,90,3,True,0,0,1,0,1
Loum Tchaouna,MID,Burnley,4.800,2,FC,0.410,5,-0.940,5933,74,5,True,0,0,1,0,1
Axel Disasi,DEF,West Ham,4.500,2,FC,0.051,6,-1.580,24903,90,6,True,0,0,1,0,1
Kyle Walker-Peters,DEF,West Ham,4.200,2,FC,0.021,6,-1.590,34729,90,6,True,0,0,1,0,1
Jarrod Bowen,FWD,West Ham,7.800,1,F,1.430,12,-1.600,2332726,90,12,True,0,0,1,0,0
Cody Gakpo,MID,Liverpool,7.300,1,J,1.410,2,0.260,741010,90,2,True,0,0,0,1,0
Junior Kroupi,FWD,Bournemouth,4.700,1,J,1.350,2,0.290,1010073,72,2,True,0,0,0,1,0
Cole Palmer,MID,Chelsea,10.300,1,F,1.269,8,-0.770,1655224,90,8,True,0,0,1,0,0
Bruno Borges Fernandes,MID,Man Utd,10.400,1,F,1.254,14,-1.780,6300201,90,14,True,0,0,1,0,0
Harvey Barnes,MID,Newcastle,6.100,1,J,1.232,1,0.110,166268,45,1,True,0,0,0,1,0
Sávio Moreira de Oliveira,MID,Man City,6.900,1,J,1.230,2,0.280,52416,90,2,True,0,0,0,1,0
Granit Xhaka,MID,Sunderland,5.100,1,J,1.221,1,0.270,423290,90,1,True,0,0,0,1,0
Pascal Groß,MID,Brighton,5.600,1,J,1.190,2,0.260,381581,90,2,True,0,0,0,1,0
Jordan Pickford,GK,Everton,5.600,1,Q,1.115,2,-0.150,1696922,90,2,True,1,0,0,0,0
Nick Pope,GK,Newcastle,5.000,1,J,1.083,2,0.190,592568,90,2,True,0,0,0,1,0
Myles Lewis-Skelly,DEF,Arsenal,5.000,1,J,1.071,2,0.040,254436,90,2,True,0,0,0,1,0
Yankuba Minteh,MID,Brighton,5.500,1,J,1.051,1,0.110,326104,45,1,True,0,0,0,1,0
Kobbie Mainoo,MID,Man Utd,4.700,1,J,1.044,2,0.130,180250,90,2,True,0,0,0,1,0
Caoimhín Kelleher,GK,Brentford,4.800,1,F,1.005,6,-2.040,1557497,90,6,True,0,0,1,0,0
Ryan Gravenberch,MID,Liverpool,5.400,1,J,0.904,2,0.120,486537,82,2,True,0,0,0,1,0
Đorđe Petrović,GK,Bournemouth,4.600,1,F,0.844,3,-0.730,687593,90,3,True,0,0,1,0,0
Igor Jesus Maciel da Cruz,FWD,Nott'm Forest,5.900,1,J,0.810,2,0.210,307697,90,2,True,0,0,0,1,0
Sepp van den Berg,DEF,Brentford,4.400,1,F,0.761,4,-2.010,136048,90,4,True,0,0,1,0,0
Rayan Vitor Simplício Rocha,MID,Bournemouth,5.400,1,J,0.743,2,0.100,306162,72,2,True,0,0,0,1,0
Vitalii Mykolenko,DEF,Everton,4.900,1,C,0.722,2,-0.140,84899,90,2,True,0,0,0,0,1
Rio Cardines,MID,Crystal Palace,4.400,1,J,0.660,2,0.180,33437,90,2,True,0,0,0,1,0
Karl Darlow,GK,Leeds,4.000,1,J,0.656,2,0.390,901539,90,2,True,0,0,0,1,0
Richarlison de Andrade,FWD,Spurs,6.500,1,J,0.637,2,0.150,1174529,72,2,True,0,0,0,1,0
Iliman Ndiaye,MID,Everton,6.300,1,J,0.627,2,0.070,612139,90,2,True,0,0,0,1,0
Zian Flemming,FWD,Burnley,5.300,1,F,0.579,9,-0.860,114785,84,9,True,0,0,1,0,0
Pedro Lomba Neto,MID,Chelsea,7.000,1,F,0.576,6,-0.890,516273,64,6,True,0,0,1,0,0
Jaidon Anthony,MID,Burnley,5.000,1,J,0.554,2,0.100,315778,84,2,True,0,0,0,1,0
Bruno Guimarães Rodriguez Moura,MID,Newcastle,6.900,1,J,0.531,1,0.070,850581,65,1,True,0,0,0,1,0
Kiernan Dewsbury-Hall,MID,Everton,5.300,1,J,0.526,2,0.060,1019620,83,2,True,0,0,0,1,0
Moisés Caicedo Corozo,MID,Chelsea,5.700,1,J,0.525,2,0.090,935243,84,2,True,0,0,0,1,0
Rico Lewis,DEF,Man City,4.600,1,J,0.516,0,0.390,153830,90,0,True,0,0,0,1,0
Maxim De Cuyper,DEF,Brighton,4.300,1,J,0.500,0,1.010,230927,45,0,True,0,0,0,1,0
Martín Zubimendi Ibáñez,MID,Arsenal,4.900,1,J,0.495,2,0.040,356300,90,2,True,0,0,0,1,0
Phil Foden,MID,Man City,8.000,1,J,0.410,2,0.080,1020093,90,2,True,0,0,0,1,0
Jørgen Strand Larsen,FWD,Crystal Palace,5.800,1,J,0.367,2,0.080,186117,76,2,True,0,0,0,1,0
Francisco Evanilson de Lima Barbosa,FWD,Bournemouth,6.600,1,J,0.338,2,0.070,322517,72,2,True,0,0,0,1,0
Douglas Luiz Soares de Paulo,MID,Aston Villa,4.900,1,J,0.293,2,0.020,10103,72,2,True,0,0,0,1,0
Ferdi Kadıoğlu,DEF,Brighton,4.500,1,J,0.291,1,1.410,178843,90,1,True,0,0,0,1,0
Jacob Murphy,MID,Newcastle,5.900,1,J,0.286,1,0.030,84334,45,1,True,0,0,0,1,0
Enzo Fernández,MID,Chelsea,6.500,1,J,0.279,1,0.040,1630581,90,1,True,0,0,0,1,0
Nick Woltemade,FWD,Newcastle,6.700,1,J,0.245,2,0.070,855410,77,2,True,0,0,0,1,0
Jayden Bogle,DEF,Leeds,4.400,1,C,0.231,2,-0.720,57958,77,2,True,0,0,0,0,1
Mats Wieffer,MID,Brighton,4.800,1,J,0.220,2,0.010,36924,90,2,True,0,0,0,1,0
Ismaïla Sarr,MID,Crystal Palace,6.400,1,J,0.216,1,0.020,723488,45,1,True,0,0,0,1,0
Jack Hinshelwood,MID,Brighton,5.200,1,J,0.213,2,0.020,206955,73,2,True,0,0,0,1,0
Igor Thiago Nascimento Rodrigues,FWD,Brentford,7.200,1,J,0.200,2,0.050,3925479,90,2,True,0,0,0,1,0
Merlin Röhl,MID,Everton,5.000,1,C,0.189,2,0.000,3408,61,2,True,0,0,0,0,1
Keane Lewis-Potter,DEF,Brentford,4.800,1,F,0.180,5,-1.840,197584,88,5,True,0,0,1,0,0
Adrien Truffert,DEF,Bournemouth,4.800,1,F,0.174,6,-1.620,711836,90,6,True,0,0,1,0,0
Justin Devenny,MID,Crystal Palace,4.300,1,J,0.170,2,0.030,143904,90,2,True,0,0,0,1,0
Lewis Hall,DEF,Newcastle,5.300,1,J,0.170,1,0.310,435981,90,1,True,0,0,0,1,0
Jordan Henderson,MID,Brentford,5.000,1,J,0.157,0,0.020,38325,59,0,True,0,0,0,1,0
Daichi Kamada,MID,Crystal Palace,5.000,1,J,0.156,1,0.010,12820,45,1,True,0,0,0,1,0
James Milner,MID,Brighton,4.900,1,J,0.144,1,0.010,13749,58,1,True,0,0,0,1,0
Will Hughes,MID,Crystal Palace,4.700,1,J,0.140,2,0.020,13144,90,2,True,0,0,0,1,0
Thierno Barry,FWD,Everton,5.700,1,J,0.130,2,0.030,100345,83,2,True,0,0,0,1,0
Victor Lindelöf,DEF,Aston Villa,4.500,1,C,0.108,2,-0.220,13382,72,2,True,0,0,0,0,1
El Hadji Malick Diouf,DEF,West Ham,4.100,1,F,0.051,6,-1.580,318328,90,6,True,0,0,1,0,0
Jan Paul van Hecke,DEF,Brighton,4.700,1,J,0.051,1,1.380,1386574,90,1,True,0,0,0,1,0
Danny Welbeck,FWD,Brighton,6.300,1,J,0.047,1,0.010,1097113,58,1,True,0,0,0,1,0
Lewis Dunk,DEF,Brighton,4.500,1,J,0.021,1,1.370,126605,90,1,True,0,0,0,1,0
Dan Burn,DEF,Newcastle,5.000,1,J,-0.136,1,0.420,466030,83,1,True,0,0,0,1,0
Rúben dos Santos Gato Alves Dias,DEF,Man City,5.500,1,J,-0.144,1,0.250,407105,90,1,True,0,0,0,1,0
Malick Thiaw,DEF,Newcastle,4.900,1,J,-0.220,1,0.200,618636,90,1,True,0,0,0,1,0
Marc Cucurella Saseta,DEF,Chelsea,6.100,1,J,-0.255,1,0.170,1915964,90,1,True,0,0,0,1,0
James Justin,DEF,Leeds,4.000,1,J,-0.261,1,0.520,295481,90,1,True,0,0,0,1,0
Gabriel dos Santos Magalhães,DEF,Arsenal,7.300,1,J,-0.307,1,0.070,5938633,45,1,True,0,0,0,1,0
Jorrel Hato,DEF,Chelsea,4.600,1,J,-0.550,0,0.680,25932,51,0,True,0,0,0,1,0
Wesley Fofana,DEF,Chelsea,4.400,1,J,-0.750,-2,0.440,47261,61,-2,True,0,0,0,1,0
Pascal Struijk,DEF,Leeds,4.200,1,J,-0.981,1,0.400,245137,90,1,True,0,0,0,1,0
Joe Rodon,DEF,Leeds,3.900,1,J,-1.011,1,0.390,389168,90,1,True,0,0,0,1,0
Sebastiaan Bornauw,DEF,Leeds,3.800,0,,83.700,1,0.660,17827,1,1,False,0,0,0,0,0
Florian Wirtz,MID,Liverpool,8.300,0,,18.816,1,0.720,1108113,17,1,False,0,0,0,0,0
Ashley Barnes,FWD,Burnley,4.200,0,,12.240,0,0.180,161358,5,0,False,0,0,0,0,0
Viktor Gyökeres,FWD,Arsenal,9.100,0,,12.086,1,0.260,2137484,7,1,False,0,0,0,0,0
Mikkel Damsgaard,MID,Brentford,5.600,0,,11.957,1,0.310,98857,7,1,False,0,0,0,0,0
Carlos Alcaraz Durán,MID,Everton,5.200,0,,11.800,1,0.180,10102,6,1,False,0,0,0,0,0
Séamus Coleman,DEF,Everton,4.200,0,,11.200,1,0.160,13211,6,1,False,0,0,0,0,0
Eberechi Eze,MID,Arsenal,7.300,0,,10.991,1,0.370,1141706,15,1,False,0,0,0,0,0
Pedro Cardoso de Lima,DEF,Wolves,4.000,0,,10.878,1,-0.020,48049,8,1,False,0,0,0,0,0
Jean-Philippe Mateta,FWD,Crystal Palace,7.600,0,,10.523,6,-0.620,1051917,13,6,False,0,0,0,0,0
John McGinn,MID,Aston Villa,5.300,0,,6.855,1,0.060,91648,4,1,False,0,0,0,0,0
Pau Torres,DEF,Aston Villa,4.300,0,,6.430,1,0.020,39282,17,1,False,0,0,0,0,0
Mikel Merino Zazón,MID,Arsenal,5.300,0,,6.031,1,0.370,97601,28,1,False,0,0,0,0,0
Youri Tielemans,MID,Aston Villa,5.900,0,,5.479,1,0.300,87445,17,1,False,0,0,0,0,0
Facundo Buonanotte,MID,Leeds,4.600,0,,4.808,1,0.200,12148,12,1,False,0,0,0,0,0
Tom Cairney,MID,Fulham,4.800,0,,4.573,6,-0.690,4234,30,6,False,0,0,0,0,0
David Raya Martín,GK,Arsenal,6.200,0,,4.000,0,0.000,4774619,0,0,False,0,0,0,0,0
Karl Hein,GK,Arsenal,4.000,0,,4.000,0,0.000,25580,0,0,False,0,0,0,0,0
Tommy Setford,GK,Arsenal,3.900,0,,4.000,0,0.000,26886,0,0,False,0,0,0,0,0
William Saliba,DEF,Arsenal,6.300,0,,4.000,0,0.000,2240445,0,0,False,0,0,0,0,0
Jurriën Timber,DEF,Arsenal,6.000,0,,4.000,0,0.000,1984727,0,0,False,0,0,0,0,0
Jakub Kiwior,DEF,Arsenal,5.400,0,,4.000,0,0.000,6104,0,0,False,0,0,0,0,0
Benjamin White,DEF,Arsenal,5.100,0,,4.000,0,0.000,65808,0,0,False,0,0,0,0,0
Oleksandr Zinchenko,DEF,Nott'm Forest,4.900,0,,4.000,0,0.000,26723,0,0,False,0,0,0,0,0
Brayden Clarke,DEF,Arsenal,3.700,0,,4.000,0,0.000,63482,0,0,False,0,0,0,0,0
Maldini Kacurri,DEF,Arsenal,3.900,0,,4.000,0,0.000,12014,0,0,False,0,0,0,0,0
Josh Nichols,DEF,Arsenal,3.700,0,,4.000,0,0.000,31817,0,0,False,0,0,0,0,0
Emiliano Martínez Romero,GK,Aston Villa,5.000,0,,4.000,0,0.000,572706,0,0,False,0,0,0,0,0
Joe Gauci,GK,Aston Villa,4.000,0,,4.000,0,0.000,11150,0,0,False,0,0,0,0,0
Filip Marschall,GK,Aston Villa,4.000,0,,4.000,0,0.000,1037,0,0,False,0,0,0,0,0
Lucas Digne,DEF,Aston Villa,4.500,0,,4.000,0,0.000,199269,0,0,False,0,0,0,0,0
Ezri Konsa Ngoyo,DEF,Aston Villa,4.400,0,,4.000,0,0.000,914726,0,0,False,0,0,0,0,0
Álex Moreno Lopera,DEF,Aston Villa,4.000,0,,4.000,0,0.000,201180,0,0,False,0,0,0,0,0
Lino da Cruz Sousa,DEF,Aston Villa,3.800,0,,4.000,0,0.000,31805,0,0,False,0,0,0,0,0
Yasin Özcan,DEF,Aston Villa,4.000,0,,4.000,0,0.000,13858,0,0,False,0,0,0,0,0
Norberto Murara Neto,GK,Bournemouth,4.500,0,,4.000,0,0.000,7086,0,0,False,0,0,0,0,0
Will Dennis,GK,Bournemouth,4.000,0,,4.000,0,0.000,88960,0,0,False,0,0,0,0,0
Callan McKenna,GK,Bournemouth,3.900,0,,4.000,0,0.000,30769,0,0,False,0,0,0,0,0
Alex Paulsen,GK,Bournemouth,4.000,0,,4.000,0,0.000,6822,0,0,False,0,0,0,0,0
Illia Zabarnyi,DEF,Bournemouth,5.000,0,,4.000,0,0.000,2911,0,0,False,0,0,0,0,0
Matai Akinmboni,DEF,Bournemouth,3.800,0,,4.000,0,0.000,25726,0,0,False,0,0,0,0,0
Owen Bevan,DEF,Bournemouth,3.800,0,,4.000,0,0.000,23467,0,0,False,0,0,0,0,0
Julián Araujo Zúñiga,DEF,Bournemouth,3.800,0,,4.000,0,0.000,62756,0,0,False,0,0,0,0,0
Chris Mepham,DEF,Bournemouth,4.000,0,,4.000,0,0.000,8494,0,0,False,0,0,0,0,0
Julio Soler Barreto,DEF,Bournemouth,3.900,0,,4.000,0,0.000,25083,0,0,False,0,0,0,0,0
Ellery Balcombe,GK,Brentford,3.900,0,,4.000,0,0.000,32326,0,0,False,0,0,0,0,0
Matthew Cox,GK,Brentford,3.900,0,,4.000,0,0.000,16351,0,0,False,0,0,0,0,0
Julian Eyestone,GK,Brentford,3.900,0,,4.000,0,0.000,13298,0,0,False,0,0,0,0,0
Hákon Rafn Valdimarsson,GK,Brentford,3.800,0,,4.000,0,0.000,132058,0,0,False,0,0,0,0,0
Kristoffer Ajer,DEF,Brentford,4.400,0,,4.000,0,0.000,25842,0,0,False,0,0,0,0,0
Rico Henry,DEF,Brentford,4.300,0,,4.000,0,0.000,15833,0,0,False,0,0,0,0,0
Ethan Pinnock,DEF,Brentford,4.200,0,,4.000,0,0.000,16045,0,0,False,0,0,0,0,0
Mads Roerslev Rasmussen,DEF,Brentford,4.500,0,,4.000,0,0.000,1830,0,0,False,0,0,0,0,0
Benjamin Arthur,DEF,Brentford,3.800,0,,4.000,0,0.000,23314,0,0,False,0,0,0,0,0
Benjamin Fredrick,DEF,Brentford,4.000,0,,4.000,0,0.000,9391,0,0,False,0,0,0,0,0
Kim Ji-soo,DEF,Brentford,3.900,0,,4.000,0,0.000,9938,0,0,False,0,0,0,0,0
Jayden Meghoma,DEF,Brentford,4.000,0,,4.000,0,0.000,5190,0,0,False,0,0,0,0,0
Jason Steele,GK,Brighton,4.200,0,,4.000,0,0.000,31811,0,0,False,0,0,0,0,0
Tom McGill,GK,Brighton,3.900,0,,4.000,0,0.000,38195,0,0,False,0,0,0,0,0
Carl Rushworth,GK,Brighton,4.000,0,,4.000,0,0.000,237,0,0,False,0,0,0,0,0
Kjell Scherpen,GK,Brighton,4.000,0,,4.000,0,0.000,227,0,0,False,0,0,0,0,0
Olivier Boscagli,DEF,Brighton,4.200,0,,4.000,0,0.000,18532,0,0,False,0,0,0,0,0
Diego Coppola,DEF,Brighton,4.200,0,,4.000,0,0.000,5620,0,0,False,0,0,0,0,0
Pervis Estupiñán Tenorio,DEF,Brighton,4.500,0,,4.000,0,0.000,1161,0,0,False,0,0,0,0,0
Igor Julio dos Santos de Paulo,DEF,Brighton,4.500,0,,4.000,0,0.000,11013,0,0,False,0,0,0,0,0
Tariq Lamptey,DEF,Brighton,4.400,0,,4.000,0,0.000,10456,0,0,False,0,0,0,0,0
Joël Veltman,DEF,Brighton,4.300,0,,4.000,0,0.000,17560,0,0,False,0,0,0,0,0
Adam Webster,DEF,Brighton,4.400,0,,4.000,0,0.000,978,0,0,False,0,0,0,0,0
Eiran Cashin,DEF,Brighton,4.000,0,,4.000,0,0.000,581,0,0,False,0,0,0,0,0
Jacob Slater,DEF,Brighton,4.000,0,,4.000,0,0.000,11131,0,0,False,0,0,0,0,0
Charlie Tasker,DEF,Brighton,3.800,0,,4.000,0,0.000,20525,0,0,False,0,0,0,0,0
Etienne Green,GK,Burnley,4.000,0,,4.000,0,0.000,20058,0,0,False,0,0,0,0,0
Václav Hladký,GK,Burnley,3.900,0,,4.000,0,0.000,19403,0,0,False,0,0,0,0,0
Connor Roberts,DEF,Burnley,4.300,0,,4.000,0,0.000,3644,0,0,False,0,0,0,0,0
Hannes Delcroix,DEF,Burnley,3.800,0,,4.000,0,0.000,24505,0,0,False,0,0,0,0,0
Owen Dodgson,DEF,Burnley,4.000,0,,4.000,0,0.000,1570,0,0,False,0,0,0,0,0
Hjalmar Ekdal,DEF,Burnley,3.800,0,,4.000,0,0.000,90995,0,0,False,0,0,0,0,0
Maxime Estève,DEF,Burnley,3.800,0,,4.000,0,0.000,916015,0,0,False,0,0,0,0,0
Quilindschy Hartman,DEF,Burnley,4.000,0,,4.000,0,0.000,74474,0,0,False,0,0,0,0,0
Jordan Beyer,DEF,Burnley,3.900,0,,4.000,0,0.000,7549,0,0,False,0,0,0,0,0
Shurandy Sambo,DEF,Burnley,4.000,0,,4.000,0,0.000,4919,0,0,False,0,0,0,0,0
Oliver Sonne,DEF,Burnley,3.800,0,,4.000,0,0.000,21080,0,0,False,0,0,0,0,0
Joe Worrall,DEF,Burnley,3.800,0,,4.000,0,0.000,24515,0,0,False,0,0,0,0,0
Filip Jörgensen,GK,Chelsea,4.300,0,,4.000,0,0.000,22323,0,0,False,0,0,0,0,0
Mike Penders,GK,Chelsea,4.000,0,,4.000,0,0.000,352,0,0,False,0,0,0,0,0
Gabriel Słonina,GK,Chelsea,3.800,0,,4.000,0,0.000,16648,0,0,False,0,0,0,0,0
Benoît Badiashile Mukinayi,DEF,Chelsea,4.400,0,,4.000,0,0.000,3904,0,0,False,0,0,0,0,0
Mamadou Sarr,DEF,Chelsea,4.500,0,,4.000,0,0.000,3512,0,0,False,0,0,0,0,0
Tosin Adarabioyo,DEF,Chelsea,4.000,0,,4.000,0,0.000,34400,0,0,False,0,0,0,0,0
Aarón Anselmino,DEF,Chelsea,4.000,0,,4.000,0,0.000,6858,0,0,False,0,0,0,0,0
Walter Benítez,GK,Crystal Palace,3.900,0,,4.000,0,0.000,42033,0,0,False,0,0,0,0,0
Remi Matthews,GK,Crystal Palace,3.900,0,,4.000,0,0.000,13113,0,0,False,0,0,0,0,0
Maxence Lacroix,DEF,Crystal Palace,5.200,0,,4.000,0,0.000,927218,0,0,False,0,0,0,0,0
Borna Sosa,DEF,Crystal Palace,4.800,0,,4.000,0,0.000,15495,0,0,False,0,0,0,0,0
Marc Guéhi,DEF,Man City,5.100,0,,4.000,0,0.000,4262393,0,0,False,0,0,0,0,0
Chris Richards,DEF,Crystal Palace,4.400,0,,4.000,0,0.000,284797,0,0,False,0,0,0,0,0
Rob Holding,DEF,Crystal Palace,4.000,0,,4.000,0,0.000,2017,0,0,False,0,0,0,0,0
Caleb Kporha,DEF,Crystal Palace,4.000,0,,4.000,0,0.000,2827,0,0,False,0,0,0,0,0
Mark Travers,GK,Everton,4.200,0,,4.000,0,0.000,14742,0,0,False,0,0,0,0,0
Harry Tyrer,GK,Everton,3.900,0,,4.000,0,0.000,11207,0,0,False,0,0,0,0,0
Jarrad Branthwaite,DEF,Everton,5.300,0,,4.000,0,0.000,36742,0,0,False,0,0,0,0,0
Nathan Patterson,DEF,Everton,4.400,0,,4.000,0,0.000,4443,0,0,False,0,0,0,0,0
Roman Dixon,DEF,Everton,3.800,0,,4.000,0,0.000,19960,0,0,False,0,0,0,0,0
Reece Welch,DEF,Everton,3.800,0,,4.000,0,0.000,18952,0,0,False,0,0,0,0,0
Steven Benda,GK,Fulham,4.000,0,,4.000,0,0.000,872,0,0,False,0,0,0,0,0
Joachim Andersen,DEF,Fulham,4.400,0,,4.000,0,0.000,367183,0,0,False,0,0,0,0,0
Kenny Tete,DEF,Fulham,4.500,0,,4.000,0,0.000,28542,0,0,False,0,0,0,0,0
Samuel Amissah,DEF,Fulham,3.800,0,,4.000,0,0.000,18802,0,0,False,0,0,0,0,0
Illan Meslier,GK,Leeds,4.100,0,,4.000,0,0.000,43173,0,0,False,0,0,0,0,0
Alex Cairns,GK,Leeds,3.900,0,,4.000,0,0.000,18708,0,0,False,0,0,0,0,0
Sam Byram,DEF,Leeds,3.700,0,,4.000,0,0.000,58313,0,0,False,0,0,0,0,0
Gabriel Gudmundsson,DEF,Leeds,3.800,0,,4.000,0,0.000,322814,0,0,False,0,0,0,0,0
Isaac Schmidt,DEF,Leeds,4.000,0,,4.000,0,0.000,7841,0,0,False,0,0,0,0,0
Giorgi Mamardashvili,GK,Liverpool,4.100,0,,4.000,0,0.000,91315,0,0,False,0,0,0,0,0
Ármin Pécsi,GK,Liverpool,3.800,0,,4.000,0,0.000,113687,0,0,False,0,0,0,0,0
Freddie Woodman,GK,Liverpool,3.900,0,,4.000,0,0.000,41916,0,0,False,0,0,0,0,0
Conor Bradley,DEF,Liverpool,4.900,0,,4.000,0,0.000,18689,0,0,False,0,0,0,0,0
Konstantinos Tsimikas,DEF,Liverpool,4.800,0,,4.000,0,0.000,6068,0,0,False,0,0,0,0,0
Amara Nallo,DEF,Liverpool,3.700,0,,4.000,0,0.000,111768,0,0,False,0,0,0,0,0
Rhys Williams,DEF,Liverpool,3.700,0,,4.000,0,0.000,69317,0,0,False,0,0,0,0,0
Calvin Ramsay,DEF,Liverpool,3.700,0,,4.000,0,0.000,41672,0,0,False,0,0,0,0,0
Ederson Santana de Moraes,GK,Man City,5.300,0,,4.000,0,0.000,103477,0,0,False,0,0,0,0,0
Stefan Ortega Moreno,GK,Nott'm Forest,4.700,0,,4.000,0,0.000,24955,0,0,False,0,0,0,0,0
Marcus Bettinelli,GK,Man City,3.800,0,,4.000,0,0.000,46702,0,0,False,0,0,0,0,0
Manuel Akanji,DEF,Man City,5.400,0,,4.000,0,0.000,32973,0,0,False,0,0,0,0,0
Abdukodir Khusanov,DEF,Man City,5.400,0,,4.000,0,0.000,96393,0,0,False,0,0,0,0,0
Matheus Nunes,DEF,Man City,5.300,0,,4.000,0,0.000,372446,0,0,False,0,0,0,0,0
Nico O'Reilly,DEF,Man City,5.300,0,,4.000,0,0.000,2504870,0,0,False,0,0,0,0,0
Vitor de Oliveira Nunes dos Reis,DEF,Man City,5.000,0,,4.000,0,0.000,577,0,0,False,0,0,0,0,0
Altay Bayındır,GK,Man Utd,4.700,0,,4.000,0,0.000,41270,0,0,False,0,0,0,0,0
André Onana,GK,Man Utd,4.900,0,,4.000,0,0.000,18153,0,0,False,0,0,0,0,0
Elyh Harrison,GK,Man Utd,4.000,0,,4.000,0,0.000,192,0,0,False,0,0,0,0,0
Tom Heaton,GK,Man Utd,3.800,0,,4.000,0,0.000,82656,0,0,False,0,0,0,0,0
Dermot Mee,GK,Man Utd,3.900,0,,4.000,0,0.000,12729,0,0,False,0,0,0,0,0
Matthijs de Ligt,DEF,Man Utd,4.900,0,,4.000,0,0.000,231796,0,0,False,0,0,0,0,0
Diego León Blanco,DEF,Man Utd,4.100,0,,4.000,0,0.000,7603,0,0,False,0,0,0,0,0
Diogo Dalot Teixeira,DEF,Man Utd,4.500,0,,4.000,0,0.000,494334,0,0,False,0,0,0,0,0
Harry Amass,DEF,Man Utd,4.000,0,,4.000,0,0.000,8562,0,0,False,0,0,0,0,0
Tyler Fredricson,DEF,Man Utd,3.700,0,,4.000,0,0.000,21154,0,0,False,0,0,0,0,0
Ayden Heaven,DEF,Man Utd,3.700,0,,4.000,0,0.000,339260,0,0,False,0,0,0,0,0
Martin Dúbravka,GK,Burnley,4.000,0,,4.000,0,0.000,3368314,0,0,False,0,0,0,0,0
Mark Gillespie,GK,Newcastle,3.900,0,,4.000,0,0.000,16695,0,0,False,0,0,0,0,0
Odysseas Vlachodimos,GK,Newcastle,4.000,0,,4.000,0,0.000,1683,0,0,False,0,0,0,0,0
Fabian Schär,DEF,Newcastle,5.200,0,,4.000,0,0.000,146322,0,0,False,0,0,0,0,0
Tino Livramento,DEF,Newcastle,4.900,0,,4.000,0,0.000,238495,0,0,False,0,0,0,0,0
Kieran Trippier,DEF,Newcastle,4.900,0,,4.000,0,0.000,182136,0,0,False,0,0,0,0,0
Emil Krafth,DEF,Newcastle,4.300,0,,4.000,0,0.000,4782,0,0,False,0,0,0,0,0
Jamaal Lascelles,DEF,Newcastle,4.300,0,,4.000,0,0.000,6069,0,0,False,0,0,0,0,0
Harrison Ashby,DEF,Newcastle,3.900,0,,4.000,0,0.000,13947,0,0,False,0,0,0,0,0
Miodrag Pivaš,DEF,Newcastle,3.800,0,,4.000,0,0.000,46285,0,0,False,0,0,0,0,0
Matt Targett,DEF,Newcastle,4.000,0,,4.000,0,0.000,17756,0,0,False,0,0,0,0,0
Carlos Miguel dos Santos Pereira,GK,Nott'm Forest,4.000,0,,4.000,0,0.000,7794,0,0,False,0,0,0,0,0
Matt Turner,GK,Nott'm Forest,4.000,0,,4.000,0,0.000,9782,0,0,False,0,0,0,0,0
Murillo Costa dos Santos,DEF,Nott'm Forest,5.200,0,,4.000,0,0.000,230037,0,0,False,0,0,0,0,0
Ola Aina,DEF,Nott'm Forest,4.700,0,,4.000,0,0.000,275034,0,0,False,0,0,0,0,0
David Mota Veiga Teixeira do Carmo,DEF,Nott'm Forest,4.500,0,,4.000,0,0.000,2614,0,0,False,0,0,0,0,0
Omar Richards,DEF,Nott'm Forest,4.500,0,,4.000,0,0.000,2436,0,0,False,0,0,0,0,0
Zach Abbott,DEF,Nott'm Forest,3.800,0,,4.000,0,0.000,31884,0,0,False,0,0,0,0,0
Willy Boly,DEF,Nott'm Forest,3.800,0,,4.000,0,0.000,42331,0,0,False,0,0,0,0,0
Anthony Patterson,GK,Sunderland,4.200,0,,4.000,0,0.000,19115,0,0,False,0,0,0,0,0
Simon Moore,GK,Sunderland,3.900,0,,4.000,0,0.000,43057,0,0,False,0,0,0,0,0
Blondy Nna Noukeu,GK,Sunderland,3.900,0,,4.000,0,0.000,13127,0,0,False,0,0,0,0,0
Daniel Ballard,DEF,Sunderland,4.600,0,,4.000,0,0.000,318993,0,0,False,0,0,0,0,0
Aji Alese,DEF,Sunderland,4.000,0,,4.000,0,0.000,430,0,0,False,0,0,0,0,0
Joe Anderson,DEF,Sunderland,3.800,0,,4.000,0,0.000,37877,0,0,False,0,0,0,0,0
Dennis Cirkin,DEF,Sunderland,4.000,0,,4.000,0,0.000,6360,0,0,False,0,0,0,0,0
Leo Fuhr Hjelde,DEF,Sunderland,4.000,0,,4.000,0,0.000,1597,0,0,False,0,0,0,0,0
Niall Huggins,DEF,Sunderland,4.000,0,,4.000,0,0.000,8522,0,0,False,0,0,0,0,0
Zak Johnson,DEF,Sunderland,3.800,0,,4.000,0,0.000,24852,0,0,False,0,0,0,0,0
Timothée Pembélé,DEF,Sunderland,3.900,0,,4.000,0,0.000,34836,0,0,False,0,0,0,0,0
Jenson Seelt,DEF,Sunderland,4.000,0,,4.000,0,0.000,10736,0,0,False,0,0,0,0,0
Guglielmo Vicario,GK,Spurs,4.700,0,,4.000,0,0.000,621491,0,0,False,0,0,0,0,0
Brandon Austin,GK,Spurs,3.900,0,,4.000,0,0.000,36867,0,0,False,0,0,0,0,0
Cristian Romero,DEF,Spurs,5.000,0,,4.000,0,0.000,374493,0,0,False,0,0,0,0,0
Ben Davies,DEF,Spurs,4.300,0,,4.000,0,0.000,8409,0,0,False,0,0,0,0,0
Ashley Phillips,DEF,Spurs,4.000,0,,4.000,0,0.000,1404,0,0,False,0,0,0,0,0
Takai Kōta,DEF,Spurs,4.000,0,,4.000,0,0.000,5537,0,0,False,0,0,0,0,0
Luka Vušković,DEF,Spurs,3.900,0,,4.000,0,0.000,39716,0,0,False,0,0,0,0,0
Alphonse Areola,GK,West Ham,4.200,0,,4.000,0,0.000,243561,0,0,False,0,0,0,0,0
Wes Foderingham,GK,West Ham,4.000,0,,4.000,0,0.000,28344,0,0,False,0,0,0,0,0
Krisztián Hegyi,GK,West Ham,3.900,0,,4.000,0,0.000,24612,0,0,False,0,0,0,0,0
Emerson Palmieri dos Santos,DEF,West Ham,4.400,0,,4.000,0,0.000,6486,0,0,False,0,0,0,0,0
Maximilian Kilman,DEF,West Ham,4.000,0,,4.000,0,0.000,17642,0,0,False,0,0,0,0,0
Nayef Aguerd,DEF,West Ham,4.400,0,,4.000,0,0.000,5300,0,0,False,0,0,0,0,0
Ollie Scarles,DEF,West Ham,4.300,0,,4.000,0,0.000,4904,0,0,False,0,0,0,0,0
Jean-Clair Todibo,DEF,West Ham,4.300,0,,4.000,0,0.000,13110,0,0,False,0,0,0,0,0
Aaron Wan-Bissaka,DEF,West Ham,4.100,0,,4.000,0,0.000,563204,0,0,False,0,0,0,0,0
Kaelan Casey,DEF,West Ham,4.000,0,,4.000,0,0.000,7864,0,0,False,0,0,0,0,0
Sam Johnstone,GK,Wolves,4.400,0,,4.000,0,0.000,16793,0,0,False,0,0,0,0,0
Daniel Bentley,GK,Wolves,3.900,0,,4.000,0,0.000,63932,0,0,False,0,0,0,0,0
Tom King,GK,Everton,3.900,0,,4.000,0,0.000,156114,0,0,False,0,0,0,0,0
Emmanuel Agbadou,DEF,Wolves,4.200,0,,4.000,0,0.000,14325,0,0,False,0,0,0,0,0
Matt Doherty,DEF,Wolves,4.400,0,,4.000,0,0.000,11067,0,0,False,0,0,0,0,0
Ki-Jana Hoever,DEF,Wolves,3.800,0,,4.000,0,0.000,111066,0,0,False,0,0,0,0,0
Bastien Meupiyou Menadjou,DEF,Wolves,4.000,0,,4.000,0,0.000,765,0,0,False,0,0,0,0,0
Alfie Pond,DEF,Wolves,3.900,0,,4.000,0,0.000,118580,0,0,False,0,0,0,0,0
Benjamin Lecomte,GK,Fulham,3.900,0,,4.000,0,0.000,87653,0,0,False,0,0,0,0,0
Lucas Estella Perri,GK,Leeds,4.400,0,,4.000,0,0.000,33474,0,0,False,0,0,0,0,0
Adam Aznou,DEF,Everton,4.200,0,,4.000,0,0.000,7479,0,0,False,0,0,0,0,0
Aaron Ramsdale,GK,Newcastle,4.800,0,,4.000,0,0.000,97965,0,0,False,0,0,0,0,0
Angus Gunn,GK,Nott'm Forest,4.000,0,,4.000,0,0.000,144506,0,0,False,0,0,0,0,0
Arthur Masuaku,DEF,Sunderland,3.900,0,,4.000,0,0.000,60262,0,0,False,0,0,0,0,0
Omar Alderete,DEF,Sunderland,4.100,0,,4.000,0,0.000,641248,0,0,False,0,0,0,0,0
Bafodé Diakité,DEF,Bournemouth,4.100,0,,4.000,0,0.000,34526,0,0,False,0,0,0,0,0
James Wright,GK,Aston Villa,3.900,0,,4.000,0,0.000,75527,0,0,False,0,0,0,0,0
Giovanni Leoni,DEF,Liverpool,4.900,0,,4.000,0,0.000,1870,0,0,False,0,0,0,0,0
Jackson Tchatchoua,DEF,Wolves,4.400,0,,4.000,0,0.000,4207,0,0,False,0,0,0,0,0
Triston Rowe,DEF,Aston Villa,4.000,0,,4.000,0,0.000,8849,0,0,False,0,0,0,0,0
Sam Proctor,GK,Aston Villa,3.900,0,,4.000,0,0.000,75383,0,0,False,0,0,0,0,0
Elijah Campbell,DEF,Everton,3.900,0,,4.000,0,0.000,19231,0,0,False,0,0,0,0,0
Travis Patterson,DEF,Aston Villa,3.900,0,,4.000,0,0.000,24991,0,0,False,0,0,0,0,0
Álex Jiménez Sánchez,DEF,Bournemouth,4.500,0,,4.000,0,0.000,18546,0,0,False,0,0,0,0,0
John Victor Maciel Furtado,GK,Nott'm Forest,4.000,0,,4.000,0,0.000,36519,0,0,False,0,0,0,0,0
Nicolò Savona,DEF,Nott'm Forest,4.500,0,,4.000,0,0.000,6400,0,0,False,0,0,0,0,0
Veljko Milosavljevic,DEF,Bournemouth,4.400,0,,4.000,0,0.000,4034,0,0,False,0,0,0,0,0
Jaydee Canvot,DEF,Crystal Palace,4.500,0,,4.000,0,0.000,63307,0,0,False,0,0,0,0,0
Luis Eduardo Soares da Silva,DEF,Nott'm Forest,4.500,0,,4.000,0,0.000,131,0,0,False,0,0,0,0,0
Gianluigi Donnarumma,GK,Man City,5.600,0,,4.000,0,0.000,1216359,0,0,False,0,0,0,0,0
Lukasz Fabianski,GK,West Ham,4.500,0,,4.000,0,0.000,6813,0,0,False,0,0,0,0,0
Stephen Mfuni,DEF,Man City,3.900,0,,4.000,0,0.000,4712,0,0,False,0,0,0,0,0
Jun'ai Byfield,DEF,Spurs,4.000,0,,4.000,0,0.000,5219,0,0,False,0,0,0,0,0
Ezra Mayers,DEF,West Ham,4.000,0,,4.000,0,0.000,4964,0,0,False,0,0,0,0,0
James Rowswell,DEF,Spurs,4.000,0,,4.000,0,0.000,4545,0,0,False,0,0,0,0,0
Airidas Golambeckis,DEF,West Ham,4.000,0,,4.000,0,0.000,4632,0,0,False,0,0,0,0,0
John Ruddy,GK,Newcastle,4.000,0,,4.000,0,0.000,2834,0,0,False,0,0,0,0,0
Ronnie Hollingshead,GK,Aston Villa,4.000,0,,4.000,0,0.000,2330,0,0,False,0,0,0,0,0
Marli Salmon,DEF,Arsenal,4.000,0,,4.000,0,0.000,3535,0,0,False,0,0,0,0,0
Wellity Lucky,DEF,Liverpool,4.000,0,,4.000,0,0.000,2977,0,0,False,0,0,0,0,0
Freddie Simmonds,DEF,Brighton,4.000,0,,4.000,0,0.000,2747,0,0,False,0,0,0,0,0
Leo Shahar,DEF,Newcastle,4.000,0,,4.000,0,0.000,4490,0,0,False,0,0,0,0,0
Saheed Olagunju,DEF,Wolves,4.000,0,,4.000,0,0.000,5992,0,0,False,0,0,0,0,0
Leon Routh,DEF,Aston Villa,4.000,0,,4.000,0,0.000,2746,0,0,False,0,0,0,0,0
Dean Benamar,DEF,Crystal Palace,4.000,0,,4.000,0,0.000,2517,0,0,False,0,0,0,0,0
Jenson Jones,DEF,Sunderland,4.000,0,,4.000,0,0.000,3164,0,0,False,0,0,0,0,0
TJ Carroll,DEF,Aston Villa,4.000,0,,4.000,0,0.000,2532,0,0,False,0,0,0,0,0
Fraser Forster,GK,Bournemouth,4.000,0,,4.000,0,0.000,3907,0,0,False,0,0,0,0,0
Alfie McNally,GK,Fulham,4.000,0,,4.000,0,0.000,1737,0,0,False,0,0,0,0,0
Godwill Kukonki,DEF,Man Utd,4.000,0,,4.000,0,0.000,1980,0,0,False,0,0,0,0,0
Max Merrick,GK,Chelsea,4.000,0,,4.000,0,0.000,1267,0,0,False,0,0,0,0,0
George King,DEF,Crystal Palace,4.000,0,,4.000,0,0.000,2995,0,0,False,0,0,0,0,0
Max Alleyne,DEF,Man City,3.900,0,,4.000,0,0.000,1478,0,0,False,0,0,0,0,0
Danny Imray,DEF,Crystal Palace,4.000,0,,4.000,0,0.000,298,0,0,False,0,0,0,0,0
Teddy Sharman-Lowe,GK,Chelsea,4.000,0,,4.000,0,0.000,884,0,0,False,0,0,0,0,0
João Victor de Souza Menezes,DEF,Spurs,4.000,0,,4.000,0,0.000,2901,0,0,False,0,0,0,0,0
Christos Mandas,GK,Bournemouth,4.000,0,,4.000,0,0.000,1204,0,0,False,0,0,0,0,0
Melker Ellborg,GK,Sunderland,4.000,0,,4.000,0,0.000,10464,0,0,False,0,0,0,0,0
Ollie Shield,DEF,Brentford,4.000,0,,4.000,0,0.000,1247,0,0,False,0,0,0,0,0
Joshua Stephenson,DEF,Brentford,4.000,0,,4.000,0,0.000,678,0,0,False,0,0,0,0,0
Conor McManus,DEF,Brentford,4.000,0,,4.000,0,0.000,697,0,0,False,0,0,0,0,0
Finlay Herrick,GK,West Ham,4.000,0,,4.000,0,0.000,660,0,0,False,0,0,0,0,0
Alfie Brooks,GK,Wolves,4.000,0,,4.000,0,0.000,762,0,0,False,0,0,0,0,0
Josh Gracey,GK,Wolves,4.000,0,,4.000,0,0.000,965,0,0,False,0,0,0,0,0
Talla Ndiaye,DEF,Liverpool,4.000,0,,4.000,0,0.000,429,0,0,False,0,0,0,0,0
Jayden Lienou,DEF,Leeds,4.000,0,,4.000,0,0.000,199,0,0,False,0,0,0,0,0
Ryan Yates,MID,Nott'm Forest,4.700,0,,3.304,1,0.150,8728,25,1,False,0,0,0,0,0
Habib Diarra,MID,Sunderland,5.300,0,,3.170,0,0.170,13650,29,0,False,0,0,0,0,0
Harry Wilson,MID,Fulham,5.800,0,,2.997,4,-0.900,2261576,18,4,False,0,0,0,0,0
James Ward-Prowse,MID,Burnley,5.600,0,,2.933,1,0.160,25631,15,1,False,0,0,0,0,0
Charalampos Kostoulas,FWD,Brighton,4.800,0,,2.903,1,0.270,43417,31,1,False,0,0,0,0,0
Josh King,MID,Fulham,4.400,0,,2.897,1,0.100,211355,18,1,False,0,0,0,0,0
Jacob Bruun Larsen,MID,Burnley,5.200,0,,2.885,1,0.040,4927,5,1,False,0,0,0,0,0
Marcus Edwards,MID,Burnley,4.700,0,,2.873,1,0.150,11714,15,1,False,0,0,0,0,0
Jérémy Doku,MID,Man City,6.500,0,,2.858,1,0.100,863100,13,1,False,0,0,0,0,0
Tolu Arokodare,FWD,Wolves,5.100,0,,2.850,1,0.190,13872,24,1,False,0,0,0,0,0
Ben Gannon-Doak,MID,Bournemouth,4.800,0,,2.716,1,0.200,4237,33,1,False,0,0,0,0,0
Josh Acheampong,DEF,Chelsea,3.700,0,,2.665,1,-0.050,237091,5,1,False,0,0,0,0,0
Nicolás Domínguez,MID,Nott'm Forest,5.000,0,,2.584,1,0.110,4414,25,1,False,0,0,0,0,0
Georginio Rutter,MID,Brighton,5.600,0,,2.401,1,0.060,43293,16,1,False,0,0,0,0,0
Taiwo Awoniyi,FWD,Nott'm Forest,5.200,0,,2.186,0,0.170,48353,28,0,False,0,0,0,0,0
Luca Netz,DEF,Nott'm Forest,4.500,0,,2.080,1,-0.160,1086,27,1,False,0,0,0,0,0
Justin Kluivert,MID,Bournemouth,6.900,0,,2.079,1,0.080,83462,17,1,False,0,0,0,0,0
Hugo Bueno López,DEF,Wolves,4.300,0,,1.895,1,-0.340,22885,16,1,False,0,0,0,0,0
Carlos Baleba,MID,Brighton,4.500,0,,1.518,1,0.080,202845,31,1,False,0,0,0,0,0
Tyrique George,MID,Everton,4.800,0,,1.516,1,0.040,8511,28,1,False,0,0,0,0,0
Joël Piroe,FWD,Leeds,4.900,0,,1.500,1,0.050,44378,12,1,False,0,0,0,0,0
Enes Ünal,FWD,Bournemouth,5.400,0,,1.482,1,0.070,6469,17,1,False,0,0,0,0,0
Solly March,MID,Brighton,5.800,0,,1.402,1,0.060,2432,31,1,False,0,0,0,0,0
Mateo Kovačić,MID,Man City,5.800,0,,1.386,1,0.110,3232,31,1,False,0,0,0,0,0
Reece James,DEF,Chelsea,5.600,0,,1.369,1,-0.400,784061,38,1,False,0,0,0,0,0
Wilson Isidor,FWD,Sunderland,5.000,0,,1.210,1,0.100,170019,29,1,False,0,0,0,0,0
Rayan Cherki,MID,Man City,6.500,0,,1.206,1,0.120,2249816,32,1,False,0,0,0,0,0
Adam Wharton,MID,Crystal Palace,5.000,0,,1.136,1,0.020,95699,16,1,False,0,0,0,0,0
Harrison Armstrong,MID,Everton,4.500,0,,1.034,1,0.010,10812,28,1,False,0,0,0,0,0
Bukayo Saka,MID,Arsenal,10.000,0,,1.000,0,0.000,1519927,0,0,False,0,0,0,0,0
Martin Ødegaard,MID,Arsenal,7.800,0,,1.000,0,0.000,217078,0,0,False,0,0,0,0,0
Leandro Trossard,MID,Arsenal,6.600,0,,1.000,0,0.000,236279,0,0,False,0,0,0,0,0
Declan Rice,MID,Arsenal,7.200,0,,1.000,0,0.000,3034823,0,0,False,0,0,0,0,0
Fábio Ferreira Vieira,MID,Arsenal,5.400,0,,1.000,0,0.000,2443,0,0,False,0,0,0,0,0
Ethan Nwaneri,MID,Arsenal,5.000,0,,1.000,0,0.000,14624,0,0,False,0,0,0,0,0
Ismeal Kabia,MID,Arsenal,4.500,0,,1.000,0,0.000,12366,0,0,False,0,0,0,0,0
Albert Sambi Lokonga,MID,Arsenal,4.500,0,,1.000,0,0.000,6295,0,0,False,0,0,0,0,0
Morgan Rogers,MID,Aston Villa,7.300,0,,1.000,0,0.000,2631207,0,0,False,0,0,0,0,0
Samuel Iling-Junior,MID,Aston Villa,5.500,0,,1.000,0,0.000,2411,0,0,False,0,0,0,0,0
Donyell Malen,MID,Aston Villa,5.100,0,,1.000,0,0.000,50615,0,0,False,0,0,0,0,0
Enzo Barrenechea,MID,Aston Villa,5.000,0,,1.000,0,0.000,44,0,0,False,0,0,0,0,0
Lewis Dobbin,MID,Aston Villa,5.000,0,,1.000,0,0.000,3112,0,0,False,0,0,0,0,0
Boubacar Kamara,MID,Aston Villa,4.900,0,,1.000,0,0.000,21828,0,0,False,0,0,0,0,0
Ben Broggio,MID,Aston Villa,4.400,0,,1.000,0,0.000,31395,0,0,False,0,0,0,0,0
Leander Dendoncker,MID,Aston Villa,4.500,0,,1.000,0,0.000,8893,0,0,False,0,0,0,0,0
Jamaldeen Jimoh-Aloba,MID,Aston Villa,4.500,0,,1.000,0,0.000,7279,0,0,False,0,0,0,0,0
Kadan Young,MID,Aston Villa,4.300,0,,1.000,0,0.000,61896,0,0,False,0,0,0,0,0
David Brooks,MID,Bournemouth,5.000,0,,1.000,0,0.000,23439,0,0,False,0,0,0,0,0
Ryan Christie,MID,Bournemouth,4.900,0,,1.000,0,0.000,13154,0,0,False,0,0,0,0,0
Lewis Cook,MID,Bournemouth,4.900,0,,1.000,1,0.000,4412,1,1,False,0,0,0,0,0
Philip Billing,MID,Bournemouth,4.900,0,,1.000,0,0.000,2722,0,0,False,0,0,0,0,0
Alex Scott,MID,Bournemouth,4.900,0,,1.000,0,0.000,276813,0,0,False,0,0,0,0,0
Luis Sinisterra Lucumí,MID,Bournemouth,5.000,0,,1.000,0,0.000,1250,0,0,False,0,0,0,0,0
Romain Faivre,MID,Bournemouth,4.500,0,,1.000,0,0.000,7658,0,0,False,0,0,0,0,0
Hamed Traorè,MID,Bournemouth,4.500,0,,1.000,0,0.000,34697,0,0,False,0,0,0,0,0
Dominic Sadi,MID,Bournemouth,4.500,0,,1.000,0,0.000,3806,0,0,False,0,0,0,0,0
Zain Silcott-Duberry,MID,Bournemouth,4.400,0,,1.000,0,0.000,6625,0,0,False,0,0,0,0,0
Ben Winterburn,MID,Bournemouth,4.500,0,,1.000,0,0.000,3837,0,0,False,0,0,0,0,0
Antoni Milambo,MID,Brentford,5.200,0,,1.000,0,0.000,3667,0,0,False,0,0,0,0,0
Fábio Freitas Gouveia Carvalho,MID,Brentford,4.600,0,,1.000,0,0.000,13680,0,0,False,0,0,0,0,0
Gustavo Nunes Fernandes Gomes,MID,Brentford,4.900,0,,1.000,0,0.000,1621,0,0,False,0,0,0,0,0
Frank Onyeka,MID,Brentford,4.800,0,,1.000,0,0.000,5252,0,0,False,0,0,0,0,0
Yehor Yarmoliuk,MID,Brentford,5.000,0,,1.000,0,0.000,13599,0,0,False,0,0,0,0,0
Romelle Donovan,MID,Brentford,4.400,0,,1.000,0,0.000,13484,0,0,False,0,0,0,0,0
Yunus Emre Konak,MID,Brentford,4.300,0,,1.000,0,0.000,17302,0,0,False,0,0,0,0,0
Paris Maghoma,MID,Brentford,4.500,0,,1.000,0,0.000,2521,0,0,False,0,0,0,0,0
Myles Peart-Harris,MID,Brentford,4.400,0,,1.000,0,0.000,3977,0,0,False,0,0,0,0,0
Ryan Trevitt,MID,Brentford,4.500,0,,1.000,0,0.000,475,0,0,False,0,0,0,0,0
Mitoma Kaoru,MID,Brighton,6.100,0,,1.000,0,0.000,251090,0,0,False,0,0,0,0,0
Julio Enciso Espínola,MID,Brighton,5.400,0,,1.000,0,0.000,1122,0,0,False,0,0,0,0,0
Brajan Gruda,MID,Brighton,5.400,0,,1.000,0,0.000,5808,0,0,False,0,0,0,0,0
Matt O'Riley,MID,Brighton,5.500,0,,1.000,0,0.000,44622,0,0,False,0,0,0,0,0
Abdallah Sima,MID,Brighton,5.400,0,,1.000,0,0.000,1417,0,0,False,0,0,0,0,0
Yasin Ayari,MID,Brighton,4.800,0,,1.000,0,0.000,46825,0,0,False,0,0,0,0,0
Jeremy Sarmiento Morante,MID,Brighton,4.900,0,,1.000,0,0.000,1921,0,0,False,0,0,0,0,0
Tom Watson,MID,Brighton,4.800,0,,1.000,0,0.000,3638,0,0,False,0,0,0,0,0
Malick Yalcouyé,MID,Brighton,5.000,0,,1.000,0,0.000,634,0,0,False,0,0,0,0,0
Joe Knight,MID,Brighton,4.400,0,,1.000,0,0.000,8519,0,0,False,0,0,0,0,0
Adrian Mazilu,MID,Brighton,4.500,0,,1.000,0,0.000,2338,0,0,False,0,0,0,0,0
Andrew Moran,MID,Brighton,4.500,0,,1.000,0,0.000,1966,0,0,False,0,0,0,0,0
Manuel Benson Hedilazio,MID,Burnley,5.400,0,,1.000,0,0.000,1890,0,0,False,0,0,0,0,0
Enock Agyei,MID,Burnley,4.700,0,,1.000,0,0.000,6320,0,0,False,0,0,0,0,0
Darko Churlinov,MID,Burnley,4.900,0,,1.000,0,0.000,1576,0,0,False,0,0,0,0,0
Josh Cullen,MID,Burnley,4.900,0,,1.000,0,0.000,101386,0,0,False,0,0,0,0,0
Luca Koleosho,MID,Burnley,5.000,0,,1.000,0,0.000,1366,0,0,False,0,0,0,0,0
Josh Laurent,MID,Burnley,4.800,0,,1.000,0,0.000,4779,0,0,False,0,0,0,0,0
Aaron Ramsey,MID,Burnley,4.400,0,,1.000,0,0.000,181154,0,0,False,0,0,0,0,0
Oluwaseun Adewumi,MID,Burnley,4.500,0,,1.000,0,0.000,776,0,0,False,0,0,0,0,0
Jaydon Banel,MID,Burnley,4.500,0,,1.000,0,0.000,4653,0,0,False,0,0,0,0,0
Mike Trésor Ndayishimiye,MID,Burnley,4.300,0,,1.000,0,0.000,14128,0,0,False,0,0,0,0,0
Estêvão Almeida de Oliveira Gonçalves,MID,Chelsea,6.400,0,,1.000,0,0.000,216248,0,0,False,0,0,0,0,0
Jamie Bynoe-Gittens,MID,Chelsea,6.000,0,,1.000,0,0.000,12955,0,0,False,0,0,0,0,0
Christopher Nkunku,MID,Chelsea,5.900,0,,1.000,0,0.000,10224,0,0,False,0,0,0,0,0
Roméo Lavia,MID,Chelsea,4.900,0,,1.000,0,0.000,2564,0,0,False,0,0,0,0,0
Mykhailo Mudryk,MID,Chelsea,4.900,0,,1.000,0,0.000,1273,0,0,False,0,0,0,0,0
Andrey Nascimento dos Santos,MID,Chelsea,4.400,0,,1.000,0,0.000,41873,0,0,False,0,0,0,0,0
Dário Luís Essugo,MID,Chelsea,4.300,0,,1.000,0,0.000,8753,0,0,False,0,0,0,0,0
Kendry Páez Andrade,MID,Chelsea,4.500,0,,1.000,0,0.000,552,0,0,False,0,0,0,0,0
Cheick Doucouré,MID,Crystal Palace,4.900,0,,1.000,0,0.000,457,0,0,False,0,0,0,0,0
Romain Esse,MID,Crystal Palace,4.700,0,,1.000,0,0.000,14237,0,0,False,0,0,0,0,0
Asher Agbinone,MID,Crystal Palace,4.300,0,,1.000,0,0.000,11915,0,0,False,0,0,0,0,0
Naouirou Ahamada,MID,Crystal Palace,4.300,0,,1.000,0,0.000,4476,0,0,False,0,0,0,0,0
Malcolm Ebiowei,MID,Crystal Palace,4.500,0,,1.000,0,0.000,352,0,0,False,0,0,0,0,0
Jesurun Rak-Sakyi,MID,Crystal Palace,4.400,0,,1.000,0,0.000,3618,0,0,False,0,0,0,0,0
Matheus França de Oliveira,MID,Crystal Palace,4.500,0,,1.000,0,0.000,759,0,0,False,0,0,0,0,0
David Ozoh,MID,Crystal Palace,4.500,0,,1.000,0,0.000,146,0,0,False,0,0,0,0,0
Kaden Rodney,MID,Crystal Palace,4.400,0,,1.000,0,0.000,6571,0,0,False,0,0,0,0,0
Franco Umeh-Chibueze,MID,Crystal Palace,4.500,0,,1.000,0,0.000,1942,0,0,False,0,0,0,0,0
Dwight McNeil,MID,Everton,5.500,0,,1.000,0,0.000,18994,0,0,False,0,0,0,0,0
Idrissa Gana Gueye,MID,Everton,5.400,0,,1.000,0,0.000,13311,0,0,False,0,0,0,0,0
Callum Bates,MID,Everton,4.300,0,,1.000,0,0.000,12330,0,0,False,0,0,0,0,0
Coby Ebere,MID,Everton,4.400,0,,1.000,0,0.000,5882,0,0,False,0,0,0,0,0
Isaac Heath,MID,Everton,4.500,0,,1.000,0,0.000,2004,0,0,False,0,0,0,0,0
Jenson Metcalfe,MID,Everton,4.500,0,,1.000,0,0.000,85,0,0,False,0,0,0,0,0
Adama Traoré Diarra,MID,West Ham,5.100,0,,1.000,0,0.000,19373,0,0,False,0,0,0,0,0
Andreas Hoelgebaum Pereira,MID,Fulham,5.300,0,,1.000,0,0.000,7492,0,0,False,0,0,0,0,0
Ryan Sessegnon,MID,Fulham,5.400,0,,1.000,0,0.000,18719,0,0,False,0,0,0,0,0
Saša Lukić,MID,Fulham,4.900,0,,1.000,0,0.000,8673,0,0,False,0,0,0,0,0
Martial Godo,MID,Fulham,4.500,0,,1.000,0,0.000,2952,0,0,False,0,0,0,0,0
Luke Harris,MID,Fulham,4.500,0,,1.000,0,0.000,179,0,0,False,0,0,0,0,0
Harrison Reed,MID,Fulham,4.300,0,,1.000,0,0.000,41086,0,0,False,0,0,0,0,0
Jack Harrison,MID,Leeds,5.100,0,,1.000,0,0.000,5844,0,0,False,0,0,0,0,0
Sam Greenwood,MID,Leeds,4.900,0,,1.000,0,0.000,4130,0,0,False,0,0,0,0,0
Ilia Gruev,MID,Leeds,4.700,0,,1.000,0,0.000,9782,0,0,False,0,0,0,0,0
Largie Ramazani,MID,Leeds,4.900,0,,1.000,0,0.000,1838,0,0,False,0,0,0,0,0
Charlie Crew,MID,Leeds,4.500,0,,1.000,0,0.000,412,0,0,False,0,0,0,0,0
Joe Gelhardt,MID,Leeds,4.500,0,,1.000,0,0.000,950,0,0,False,0,0,0,0,0
Darko Gyabi,MID,Leeds,4.500,0,,1.000,0,0.000,2983,0,0,False,0,0,0,0,0
Luis Díaz Marulanda,MID,Liverpool,8.000,0,,1.000,0,0.000,5478,0,0,False,0,0,0,0,0
Federico Chiesa,MID,Liverpool,6.300,0,,1.000,0,0.000,35773,0,0,False,0,0,0,0,0
Harvey Elliott,MID,Aston Villa,5.100,0,,1.000,0,0.000,21735,0,0,False,0,0,0,0,0
Endo Wataru,MID,Liverpool,4.900,0,,1.000,0,0.000,10620,0,0,False,0,0,0,0,0
Stefan Bajčetić Maquieira,MID,Liverpool,4.200,0,,1.000,0,0.000,29518,0,0,False,0,0,0,0,0
James McConnell,MID,Liverpool,4.400,0,,1.000,0,0.000,2566,0,0,False,0,0,0,0,0
Tyler Morton,MID,Liverpool,4.500,0,,1.000,0,0.000,265,0,0,False,0,0,0,0,0
Omar Marmoush,MID,Man City,8.300,0,,1.000,0,0.000,384384,0,0,False,0,0,0,0,0
Jack Grealish,MID,Everton,6.300,0,,1.000,0,0.000,731921,0,0,False,0,0,0,0,0
İlkay Gündoğan,MID,Man City,6.300,0,,1.000,0,0.000,7783,0,0,False,0,0,0,0,0
Rodrigo 'Rodri' Hernandez Cascante,MID,Man City,6.300,0,,1.000,0,0.000,60542,0,0,False,0,0,0,0,0
Claudio Echeverri,MID,Man City,5.400,0,,1.000,0,0.000,1224,0,0,False,0,0,0,0,0
Sverre Nypan,MID,Man City,5.000,0,,1.000,0,0.000,2062,0,0,False,0,0,0,0,0
Kalvin Phillips,MID,Man City,4.700,0,,1.000,0,0.000,7594,0,0,False,0,0,0,0,0
Matheus Santos Carneiro da Cunha,MID,Man Utd,8.100,0,,1.000,0,0.000,1144172,0,0,False,0,0,0,0,0
Marcus Rashford,MID,Man Utd,7.000,0,,1.000,0,0.000,1922,0,0,False,0,0,0,0,0
Alejandro Garnacho Ferreyra,MID,Chelsea,6.400,0,,1.000,0,0.000,56779,0,0,False,0,0,0,0,0
Antony dos Santos,MID,Man Utd,5.900,0,,1.000,0,0.000,7293,0,0,False,0,0,0,0,0
Jadon Sancho,MID,Aston Villa,5.800,0,,1.000,0,0.000,28625,0,0,False,0,0,0,0,0
Carlos Henrique Casimiro,MID,Man Utd,5.800,0,,1.000,0,0.000,483245,0,0,False,0,0,0,0,0
Manuel Ugarte Ribeiro,MID,Man Utd,4.700,0,,1.000,0,0.000,17989,0,0,False,0,0,0,0,0
Toby Collyer,MID,Man Utd,4.500,0,,1.000,0,0.000,3219,0,0,False,0,0,0,0,0
Jayce Fitzgerald,MID,Man Utd,4.300,0,,1.000,0,0.000,5918,0,0,False,0,0,0,0,0
Jack Fletcher,MID,Man Utd,4.300,0,,1.000,0,0.000,9868,0,0,False,0,0,0,0,0
Sékou Koné,MID,Man Utd,4.300,0,,1.000,0,0.000,9955,0,0,False,0,0,0,0,0
Jack Moorhouse,MID,Man Utd,4.500,0,,1.000,0,0.000,2152,0,0,False,0,0,0,0,0
Anthony Gordon,MID,Newcastle,7.200,0,,1.000,0,0.000,409424,0,0,False,0,0,0,0,0
Joelinton Cássio Apolinário de Lira,MID,Newcastle,5.900,0,,1.000,0,0.000,36403,0,0,False,0,0,0,0,0
Sandro Tonali,MID,Newcastle,5.300,0,,1.000,0,0.000,134435,0,0,False,0,0,0,0,0
Antoñito Cordero Campillo,MID,Newcastle,4.900,0,,1.000,0,0.000,2655,0,0,False,0,0,0,0,0
Sean Longstaff,MID,Leeds,4.800,0,,1.000,0,0.000,29363,0,0,False,0,0,0,0,0
Isaac Hayden,MID,Newcastle,4.500,0,,1.000,0,0.000,759,0,0,False,0,0,0,0,0
Garang Kuol,MID,Newcastle,4.400,0,,1.000,0,0.000,4180,0,0,False,0,0,0,0,0
Lewis Miley,MID,Newcastle,4.400,0,,1.000,0,0.000,216560,0,0,False,0,0,0,0,0
Joe White,MID,Newcastle,4.500,0,,1.000,0,0.000,682,0,0,False,0,0,0,0,0
Callum Hudson-Odoi,MID,Nott'm Forest,5.700,0,,1.000,0,0.000,77722,0,0,False,0,0,0,0,0
João Pedro Ferreira da Silva,MID,Nott'm Forest,5.400,0,,1.000,0,0.000,4827,0,0,False,0,0,0,0,0
Lewis O'Brien,MID,Nott'm Forest,5.000,0,,1.000,0,0.000,102,0,0,False,0,0,0,0,0
Eric da Silva Moreira,MID,Nott'm Forest,4.500,0,,1.000,0,0.000,7698,0,0,False,0,0,0,0,0
Marko Stamenić,MID,Nott'm Forest,4.500,0,,1.000,0,0.000,2130,0,0,False,0,0,0,0,0
Simon Adingra,MID,Sunderland,4.900,0,,1.000,0,0.000,43719,0,0,False,0,0,0,0,0
Patrick Roberts,MID,Sunderland,5.400,0,,1.000,0,0.000,1554,0,0,False,0,0,0,0,0
Milan Aleksić,MID,Sunderland,4.900,0,,1.000,0,0.000,2361,0,0,False,0,0,0,0,0
Romaine Mundle,MID,Sunderland,4.900,0,,1.000,0,0.000,1045,0,0,False,0,0,0,0,0
Dan Neil,MID,Sunderland,4.800,0,,1.000,0,0.000,3515,0,0,False,0,0,0,0,0
Ian Poveda-Ocampo,MID,Sunderland,4.700,0,,1.000,0,0.000,3397,0,0,False,0,0,0,0,0
Chris Rigg,MID,Sunderland,4.700,0,,1.000,1,0.000,8244,1,1,False,0,0,0,0,0
Chemsdine Talbi,MID,Sunderland,4.900,0,,1.000,0,0.000,20030,0,0,False,0,0,0,0,0
Abdoullah Ba,MID,Sunderland,4.300,0,,1.000,0,0.000,40151,0,0,False,0,0,0,0,0
Alan Browne,MID,Sunderland,4.500,0,,1.000,0,0.000,3770,0,0,False,0,0,0,0,0
Pierre Ekwah Elimby,MID,Sunderland,4.500,0,,1.000,0,0.000,643,0,0,False,0,0,0,0,0
Harrison Jones,MID,Sunderland,4.300,0,,1.000,0,0.000,9143,0,0,False,0,0,0,0,0
Jay Matete,MID,Sunderland,4.300,0,,1.000,0,0.000,20232,0,0,False,0,0,0,0,0
Nectarios Triantis,MID,Sunderland,4.400,0,,1.000,0,0.000,3778,0,0,False,0,0,0,0,0
Son Heung-min,MID,Spurs,8.500,0,,1.000,0,0.000,15139,0,0,False,0,0,0,0,0
Brennan Johnson,MID,Crystal Palace,6.500,0,,1.000,0,0.000,308528,0,0,False,0,0,0,0,0
Mohammed Kudus,MID,Spurs,6.400,0,,1.000,0,0.000,1197819,0,0,False,0,0,0,0,0
Dejan Kulusevski,MID,Spurs,6.400,0,,1.000,0,0.000,1905,0,0,False,0,0,0,0,0
Lucas Bergvall,MID,Spurs,5.200,0,,1.000,0,0.000,23162,0,0,False,0,0,0,0,0
Yves Bissouma,MID,Spurs,5.200,0,,1.000,0,0.000,6259,0,0,False,0,0,0,0,0
Wilson Odobert,MID,Spurs,5.300,0,,1.000,0,0.000,5238,0,0,False,0,0,0,0,0
Manor Solomon,MID,Spurs,5.400,0,,1.000,0,0.000,840,0,0,False,0,0,0,0,0
Bryan Gil Salvatierra,MID,Spurs,4.900,0,,1.000,0,0.000,3381,0,0,False,0,0,0,0,0
Mikey Moore,MID,Spurs,5.000,0,,1.000,0,0.000,417,0,0,False,0,0,0,0,0
Yang Min-hyeok,MID,Spurs,4.500,0,,1.000,0,0.000,1395,0,0,False,0,0,0,0,0
Callum Olusesi,MID,Spurs,4.300,0,,1.000,0,0.000,26699,0,0,False,0,0,0,0,0
Lucas Tolentino Coelho de Lima,MID,West Ham,5.900,0,,1.000,0,0.000,136786,0,0,False,0,0,0,0,0
Edson Álvarez Velázquez,MID,West Ham,4.900,0,,1.000,0,0.000,5906,0,0,False,0,0,0,0,0
Maxwel Cornet,MID,West Ham,4.900,0,,1.000,0,0.000,1902,0,0,False,0,0,0,0,0
Guido Rodríguez,MID,West Ham,4.800,0,,1.000,0,0.000,5195,0,0,False,0,0,0,0,0
Luis Guilherme Lira dos Santos,MID,West Ham,4.900,0,,1.000,0,0.000,2442,0,0,False,0,0,0,0,0
George Earthy,MID,West Ham,4.500,0,,1.000,0,0.000,5191,0,0,False,0,0,0,0,0
Andy Irving,MID,West Ham,4.300,0,,1.000,0,0.000,25554,0,0,False,0,0,0,0,0
Lewis Orford,MID,West Ham,4.400,0,,1.000,0,0.000,6696,0,0,False,0,0,0,0,0
Freddie Potts,MID,West Ham,4.300,0,,1.000,0,0.000,66575,0,0,False,0,0,0,0,0
Jean-Ricner Bellegarde,MID,Wolves,5.100,0,,1.000,0,0.000,5902,0,0,False,0,0,0,0,0
Fer López González,MID,Wolves,5.100,0,,1.000,0,0.000,3408,0,0,False,0,0,0,0,0
João Victor Gomes da Silva,MID,Wolves,5.300,0,,1.000,0,0.000,37567,0,0,False,0,0,0,0,0
Gonçalo Manuel Ganchinho Guedes,MID,Wolves,5.500,0,,1.000,0,0.000,395,0,0,False,0,0,0,0,0
Marshall Munetsi,MID,Wolves,5.300,0,,1.000,0,0.000,4432,0,0,False,0,0,0,0,0
Boubacar Traoré,MID,Wolves,5.000,0,,1.000,0,0.000,119,0,0,False,0,0,0,0,0
Tawanda Chirewa,MID,Wolves,4.300,0,,1.000,0,0.000,24691,0,0,False,0,0,0,0,0
Tom Edozie,MID,Wolves,4.300,0,,1.000,0,0.000,47455,0,0,False,0,0,0,0,0
Enso González Medina,MID,Wolves,4.300,0,,1.000,0,0.000,158945,0,0,False,0,0,0,0,0
Joe Hodge,MID,Wolves,4.500,0,,1.000,0,0.000,3189,0,0,False,0,0,0,0,0
Anton Stach,MID,Leeds,4.800,0,,1.000,0,0.000,221186,0,0,False,0,0,0,0,0
Jhon Arias,MID,Wolves,4.900,0,,1.000,0,0.000,16408,0,0,False,0,0,0,0,0
Dan Ndoye,MID,Nott'm Forest,5.500,0,,1.000,0,0.000,87596,0,0,False,0,0,0,0,0
Remy Rees-Dottin,MID,Bournemouth,4.300,0,,1.000,0,0.000,23183,0,0,False,0,0,0,0,0
Seung-Soo Park,MID,Newcastle,4.300,0,,1.000,0,0.000,62618,0,0,False,0,0,0,0,0
Noah Okafor,MID,Leeds,5.500,0,,1.000,0,0.000,112862,0,0,False,0,0,0,0,0
Bradley Burrowes,MID,Aston Villa,4.300,0,,1.000,0,0.000,18178,0,0,False,0,0,0,0,0
Tyler Onyango,MID,Everton,4.500,0,,1.000,0,0.000,6297,0,0,False,0,0,0,0,0
Tyler Dibling,MID,Everton,5.300,0,,1.000,0,0.000,3931,0,0,False,0,0,0,0,0
Andre Harriman-Annous,MID,Arsenal,4.400,0,,1.000,0,0.000,2146,0,0,False,0,0,0,0,0
Xavi Simons,MID,Spurs,6.300,0,,1.000,0,0.000,140702,0,0,False,0,0,0,0,0
Soungoutou Magassa,MID,West Ham,5.000,0,,1.000,0,0.000,3564,0,0,False,0,0,0,0,0
Samuel Chukwueze,MID,Fulham,5.300,0,,1.000,0,0.000,10507,0,0,False,0,0,0,0,0
Dilane Bakwa,MID,Nott'm Forest,5.900,0,,1.000,0,0.000,3465,0,0,False,0,0,0,0,0
Bertrand Traoré,MID,Sunderland,5.500,0,,1.000,0,0.000,3998,0,0,False,0,0,0,0,0
Divine Mukasa,MID,Man City,4.400,0,,1.000,0,0.000,2312,0,0,False,0,0,0,0,0
Ryan McAidoo,MID,Man City,4.500,0,,1.000,0,0.000,1612,0,0,False,0,0,0,0,0
Landon Emenalo,MID,Chelsea,4.500,0,,1.000,0,0.000,1710,0,0,False,0,0,0,0,0
Nehemiah Oriola,MID,Brighton,4.500,0,,1.000,0,0.000,2027,0,0,False,0,0,0,0,0
Kieran Morrison,MID,Liverpool,4.500,0,,1.000,0,0.000,1392,0,0,False,0,0,0,0,0
Josh Dasilva,MID,Brentford,4.900,0,,1.000,0,0.000,280,0,0,False,0,0,0,0,0
Yusuf Akhamrich,MID,Spurs,4.500,0,,1.000,0,0.000,557,0,0,False,0,0,0,0,0
George Hemmings,MID,Aston Villa,4.500,0,,1.000,0,0.000,1306,0,0,False,0,0,0,0,0
Malcom DaCosta,MID,Bournemouth,4.500,0,,1.000,0,0.000,1483,0,0,False,0,0,0,0,0
Joél Drakes-Thomas,MID,Crystal Palace,4.500,0,,1.000,0,0.000,804,0,0,False,0,0,0,0,0
Charlie Gray,MID,Man City,4.500,0,,1.000,0,0.000,711,0,0,False,0,0,0,0,0
Reigan Heskey,MID,Man City,4.500,0,,1.000,0,0.000,529,0,0,False,0,0,0,0,0
Luke Rawlings,MID,Wolves,4.500,0,,1.000,0,0.000,935,0,0,False,0,0,0,0,0
Bendito Mantato,MID,Man Utd,4.500,0,,1.000,0,0.000,701,0,0,False,0,0,0,0,0
Seth Ridgeon,MID,Fulham,4.500,0,,1.000,0,0.000,788,0,0,False,0,0,0,0,0
Sam Alabi,MID,Newcastle,4.500,0,,1.000,0,0.000,810,0,0,False,0,0,0,0,0
Tymur Tutierov,MID,Sunderland,4.500,0,,1.000,0,0.000,84,0,0,False,0,0,0,0,0
Oliver Pimlott,MID,Burnley,4.500,0,,1.000,0,0.000,585,0,0,False,0,0,0,0,0
Temple Ojinnaka,MID,Wolves,4.500,0,,1.000,0,0.000,230,0,0,False,0,0,0,0,0
Ethan Sutherland,MID,Wolves,4.500,0,,1.000,0,0.000,1188,0,0,False,0,0,0,0,0
George Brierley,MID,Burnley,4.500,0,,1.000,0,0.000,484,0,0,False,0,0,0,0,0
Sam Chambers,MID,Leeds,4.400,0,,1.000,0,0.000,1792,0,0,False,0,0,0,0,0
Lucá Williams-Barnett,MID,Spurs,4.500,0,,1.000,0,0.000,1048,0,0,False,0,0,0,0,0
Alysson Edward Franco da Rocha dos Santos,MID,Aston Villa,5.000,0,,1.000,0,0.000,666,0,0,False,0,0,0,0,0
Harry Howell,MID,Brighton,4.500,0,,1.000,0,0.000,897,0,0,False,0,0,0,0,0
Charlie Stevens,MID,Bournemouth,4.500,0,,1.000,0,0.000,799,0,0,False,0,0,0,0,0
Djiamgone Jocelin Ta Bi,MID,Sunderland,4.900,0,,1.000,0,0.000,156,0,0,False,0,0,0,0,0
Keiber Lamadrid,MID,West Ham,5.000,0,,1.000,0,0.000,902,0,0,False,0,0,0,0,0
Luka Bentt,MID,Brentford,4.500,0,,1.000,0,0.000,523,0,0,False,0,0,0,0,0
Rio Kyerematen,MID,Spurs,4.500,0,,1.000,0,0.000,629,0,0,False,0,0,0,0,0
Kian McMahon-Brown,MID,Burnley,4.500,0,,1.000,0,0.000,285,0,0,False,0,0,0,0,0
Jack Whittaker,MID,Sunderland,4.500,0,,1.000,0,0.000,303,0,0,False,0,0,0,0,0
Jaydon Jones,MID,Sunderland,4.500,0,,1.000,0,0.000,407,0,0,False,0,0,0,0,0
Riley Owen,MID,Brentford,4.500,0,,1.000,0,0.000,231,0,0,False,0,0,0,0,0
Jim Thwaites,MID,Man Utd,4.500,0,,1.000,0,0.000,157,0,0,False,0,0,0,0,0
Jesse Derry,MID,Chelsea,4.500,0,,1.000,0,0.000,141,0,0,False,0,0,0,0,0
Mathis Eboué,MID,Chelsea,4.500,0,,1.000,0,0.000,69,0,0,False,0,0,0,0,0
Ryan Kavuma-McQueen,MID,Chelsea,4.500,0,,1.000,0,0.000,54,0,0,False,0,0,0,0,0
Archie Whitehall,MID,Nott'm Forest,4.500,0,,1.000,0,0.000,73,0,0,False,0,0,0,0,0
Jimmy Sinclair,MID,Nott'm Forest,4.500,0,,1.000,0,0.000,74,0,0,False,0,0,0,0,0
Rhys Chadwick,MID,Leeds,4.500,0,,1.000,0,0.000,145,0,0,False,0,0,0,0,0
Alfie Cresswell,MID,Leeds,4.500,0,,1.000,0,0.000,106,0,0,False,0,0,0,0,0
Virgil van Dijk,DEF,Liverpool,6.100,0,,0.991,2,-0.320,4156531,90,2,True,0,0,0,0,0
Trevoh Chalobah,DEF,Chelsea,5.400,0,,0.956,1,-0.280,1156868,25,1,False,0,0,0,0,0
Shea Lacey,MID,Man Utd,4.500,0,,0.855,1,0.040,2140,28,1,False,0,0,0,0,0
Sean Neave,FWD,Newcastle,4.300,0,,0.831,1,0.030,33063,13,1,False,0,0,0,0,0
Dean Henderson,GK,Crystal Palace,5.100,0,,0.720,2,-0.530,1165604,90,2,True,0,0,0,0,0
Raúl Jiménez Rodríguez,FWD,Fulham,5.900,0,,0.600,1,0.030,236615,18,1,False,0,0,0,0,0
Amadou Onana,MID,Aston Villa,4.800,0,,0.502,1,0.000,79897,17,1,False,0,0,0,0,0
Anthony Elanga,MID,Newcastle,6.500,0,,0.447,1,0.030,343130,24,1,False,0,0,0,0,0
Randal Kolo Muani,FWD,Spurs,6.900,0,,0.424,1,0.020,58382,17,1,False,0,0,0,0,0
Jeremie Frimpong,DEF,Liverpool,5.700,0,,0.395,1,-0.400,636667,16,1,False,0,0,0,0,0
Alisson Becker,GK,Liverpool,5.400,0,,0.394,2,-0.560,671402,90,2,True,0,0,0,0,0
Trey Nyoni,MID,Liverpool,4.300,0,,0.389,1,0.010,38414,7,1,False,0,0,0,0,0
James McAtee,MID,Nott'm Forest,5.000,0,,0.350,1,0.000,11907,12,1,False,0,0,0,0,0
Daniel James,MID,Leeds,5.200,0,,0.324,1,0.020,13538,20,1,False,0,0,0,0,0
Pape Matar Sarr,MID,Spurs,4.500,0,,0.266,0,0.000,129728,17,0,False,0,0,0,0,0
Wilfried Gnonto,MID,Leeds,5.100,0,,0.190,1,0.010,11384,21,1,False,0,0,0,0,0
Tyler Fletcher,MID,Man Utd,4.400,0,,0.175,1,0.000,1545,16,1,False,0,0,0,0,0
Zeki Amdouni,FWD,Burnley,4.800,0,,0.113,1,0.010,3346,24,1,False,0,0,0,0,0
Lamare Bogarde,DEF,Aston Villa,4.000,0,,0.108,2,-0.220,69830,72,2,True,0,0,0,0,0
Jerome Abbey,MID,Wolves,4.500,0,,0.094,1,0.000,1957,16,1,False,0,0,0,0,0
Amine Adli,MID,Bournemouth,5.400,0,,0.067,1,0.000,26977,17,1,False,0,0,0,0,0
James Maddison,MID,Spurs,6.800,0,,0.060,1,0.000,38930,8,1,False,0,0,0,0,0
Archie Gray,MID,Spurs,4.800,0,,0.060,1,0.000,18081,8,1,False,0,0,0,0,0
Toti Gomes,DEF,Wolves,4.200,0,,0.041,1,-0.420,11165,24,1,False,0,0,0,0,0
Evann Guessand,MID,Crystal Palace,6.200,0,,0.014,1,0.000,5576,28,1,False,0,0,0,0,0
Jake O'Brien,DEF,Everton,4.900,0,,0.010,1,-0.110,92641,61,1,True,0,0,0,0,0
Mohamadou Kanté,MID,West Ham,4.500,0,,0.000,1,0.000,1730,2,1,False,0,0,0,0,0
Reiss Nelson,MID,Brentford,4.800,0,,0.000,1,0.000,12347,1,1,False,0,0,0,0,0
Zépiqueno Redmond,FWD,Aston Villa,4.500,0,,0.000,0,0.000,36982,0,0,False,0,0,0,0,0
Daniel Adu-Adjei,FWD,Bournemouth,4.400,0,,0.000,0,0.000,17171,0,0,False,0,0,0,0,0
Yoane Wissa,FWD,Newcastle,7.300,0,,0.000,0,0.000,78465,24,0,False,0,0,0,0,0
Iwan Morgan,FWD,Brentford,4.400,0,,0.000,0,0.000,37086,0,0,False,0,0,0,0,0
Evan Ferguson,FWD,Brighton,5.500,0,,0.000,0,0.000,963,0,0,False,0,0,0,0,0
Stefanos Tzimas,FWD,Brighton,5.200,0,,0.000,0,0.000,9697,0,0,False,0,0,0,0,0
Lyle Foster,FWD,Burnley,4.900,0,,0.000,0,0.000,97780,0,0,False,0,0,0,0,0
Michael Obafemi,FWD,Burnley,4.400,0,,0.000,0,0.000,13626,0,0,False,0,0,0,0,0
Liam Delap,FWD,Chelsea,6.200,0,,0.000,1,0.000,120525,5,1,False,0,0,0,0,0
Nicolas Jackson,FWD,Chelsea,6.500,0,,0.000,0,0.000,9154,0,0,False,0,0,0,0,0
Marc Guiu Paz,FWD,Chelsea,4.000,0,,0.000,0,0.000,679137,0,0,False,0,0,0,0,0
Eddie Nketiah,FWD,Crystal Palace,5.400,0,,0.000,0,0.000,36804,0,0,False,0,0,0,0,0
Odsonne Édouard,FWD,Crystal Palace,5.000,0,,0.000,0,0.000,26397,0,0,False,0,0,0,0,0
Zach Marsh,FWD,Crystal Palace,4.400,0,,0.000,0,0.000,40833,0,0,False,0,0,0,0,0
Norberto Bercique Gomes Betuncal,FWD,Everton,5.100,0,,0.000,1,0.000,431598,6,1,False,0,0,0,0,0
Youssef Ramalho Chermiti,FWD,Everton,4.900,0,,0.000,0,0.000,8228,0,0,False,0,0,0,0,0
Martin Sherif,FWD,Everton,4.400,0,,0.000,0,0.000,14774,0,0,False,0,0,0,0,0
Patrick Bamford,FWD,Leeds,4.900,0,,0.000,0,0.000,42093,0,0,False,0,0,0,0,0
Mateo Joseph Fernández-Regatillo,FWD,Leeds,5.000,0,,0.000,0,0.000,1235,0,0,False,0,0,0,0,0
Darwin Núñez Ribeiro,FWD,Liverpool,6.500,0,,0.000,0,0.000,7965,0,0,False,0,0,0,0,0
Jayden Danns,FWD,Liverpool,4.300,0,,0.000,0,0.000,13376,0,0,False,0,0,0,0,0
Erling Haaland,FWD,Man City,14.700,0,,0.000,0,0.000,8184079,0,0,False,0,0,0,0,0
Rasmus Højlund,FWD,Man Utd,6.300,0,,0.000,0,0.000,32840,0,0,False,0,0,0,0,0
Joshua Zirkzee,FWD,Man Utd,5.800,0,,0.000,1,0.000,54568,16,1,False,0,0,0,0,0
Chido Obi,FWD,Man Utd,4.200,0,,0.000,0,0.000,178409,0,0,False,0,0,0,0,0
Ethan Wheatley,FWD,Man Utd,4.500,0,,0.000,0,0.000,10666,0,0,False,0,0,0,0,0
Alexander Isak,FWD,Liverpool,10.300,0,,0.000,0,0.000,491343,0,0,False,0,0,0,0,0
William Osula,FWD,Newcastle,5.500,0,,0.000,2,0.000,290681,65,2,True,0,0,0,0,0
Eliezer Mayenda Dossou,FWD,Sunderland,5.100,0,,0.000,0,0.000,64894,0,0,False,0,0,0,0,0
Ahmed Abdullahi,FWD,Sunderland,4.200,0,,0.000,0,0.000,55218,0,0,False,0,0,0,0,0
Luís Hemir Silva Semedo,FWD,Sunderland,4.400,0,,0.000,0,0.000,10436,0,0,False,0,0,0,0,0
Nazarii Rusyn,FWD,Sunderland,4.400,0,,0.000,0,0.000,10403,0,0,False,0,0,0,0,0
Dominic Solanke-Mitchell,FWD,Spurs,7.100,0,,0.000,0,0.000,144245,0,0,False,0,0,0,0,0
Will Lankshear,FWD,Spurs,4.500,0,,0.000,0,0.000,2725,0,0,False,0,0,0,0,0
Dane Scarlett,FWD,Spurs,4.300,0,,0.000,0,0.000,68119,0,0,False,0,0,0,0,0
Niclas Füllkrug,FWD,West Ham,5.600,0,,0.000,0,0.000,73513,0,0,False,0,0,0,0,0
Callum Marshall,FWD,West Ham,4.300,0,,0.000,0,0.000,64803,0,0,False,0,0,0,0,0
Fábio Soares Silva,FWD,Wolves,4.900,0,,0.000,0,0.000,21250,0,0,False,0,0,0,0,0
Saša Kalajdžić,FWD,Wolves,4.900,0,,0.000,0,0.000,6152,0,0,False,0,0,0,0,0
Leon Chiwome,FWD,Wolves,4.400,0,,0.000,0,0.000,5024,0,0,False,0,0,0,0,0
Nathan Fraser,FWD,Wolves,4.200,0,,0.000,0,0.000,228840,0,0,False,0,0,0,0,0
Hugo Ekitiké,FWD,Liverpool,9.000,0,,0.000,0,0.000,2050989,0,0,False,0,0,0,0,0
Armando Broja,FWD,Burnley,5.200,0,,0.000,0,0.000,19071,0,0,False,0,0,0,0,0
Benjamin Sesko,FWD,Man Utd,7.200,0,,0.000,0,0.000,603700,0,0,False,0,0,0,0,0
Arnaud Kalimuendo,FWD,Nott'm Forest,6.000,0,,0.000,0,0.000,14788,0,0,False,0,0,0,0,0
Christantus Uche,FWD,Crystal Palace,5.500,0,,0.000,0,0.000,7029,0,0,False,0,0,0,0,0
Jonah Kusi-Asare,FWD,Fulham,4.500,0,,0.000,0,0.000,13399,0,0,False,0,0,0,0,0
Harry Gray,FWD,Leeds,4.500,0,,0.000,0,0.000,10078,0,0,False,0,0,0,0,0
Braiden Graham,FWD,Everton,4.500,0,,0.000,0,0.000,5582,0,0,False,0,0,0,0,0
Ben Casey,FWD,Crystal Palace,4.500,0,,0.000,0,0.000,4055,0,0,False,0,0,0,0,0
Kaye Furo,FWD,Brentford,4.500,0,,0.000,0,0.000,2523,0,0,False,0,0,0,0,0
Lorenzo Lucca,FWD,Nott'm Forest,5.300,0,,0.000,0,0.000,1964,0,0,False,0,0,0,0,0
Tammy Abraham,FWD,Aston Villa,5.700,0,,0.000,0,0.000,20599,0,0,False,0,0,0,0,0
James Wilson,FWD,Spurs,4.500,0,,0.000,0,0.000,5574,0,0,False,0,0,0,0,0
Will Wright,FWD,Liverpool,4.500,0,,0.000,0,0.000,832,0,0,False,0,0,0,0,0
Shumaira Mheuka,FWD,Chelsea,4.500,0,,0.000,0,0.000,300,0,0,False,0,0,0,0,0
Lamin Sillah,FWD,Nott'm Forest,4.500,0,,0.000,0,0.000,0,0,0,False,0,0,0,0,0
Marcos Senesi Barón,DEF,Bournemouth,5.200,0,,-0.096,2,-0.710,2904597,90,2,True,0,0,0,0,0
Daniel Muñoz Mejía,DEF,Crystal Palace,5.900,0,,-0.125,1,-0.110,1201329,45,1,True,0,0,0,0,0
Adam Smith,DEF,Bournemouth,4.400,0,,-0.149,2,-0.720,30305,89,2,True,0,0,0,0,0
Leny Yoro,DEF,Man Utd,4.100,0,,-0.172,1,-0.310,159513,16,1,False,0,0,0,0,0
Rayan Aït-Nouri,DEF,Man City,5.700,0,,-0.234,1,-0.320,534077,13,1,False,0,0,0,0,0
Kyle Walker,DEF,Burnley,4.400,0,,-0.400,2,-1.040,155549,90,2,True,0,0,0,0,0
Milos Kerkez,DEF,Liverpool,5.600,0,,-0.500,1,-0.410,382177,7,1,False,0,0,0,0,0
Bashir Humphreys,DEF,Burnley,3.900,0,,-0.520,2,-1.080,15670,90,2,True,0,0,0,0,0
Axel Tuanzebe,DEF,Burnley,3.900,0,,-0.520,2,-1.080,115511,90,2,True,0,0,0,0,0
Andrés García,DEF,Aston Villa,3.900,0,,-0.820,1,-0.190,26631,45,1,True,0,0,0,0,0
Jorge Cuenca Barreno,DEF,Fulham,4.300,0,,-0.901,0,-0.110,6940,4,0,False,0,0,0,0,0
Jaka Bijol,DEF,Leeds,3.900,0,,-0.939,1,-0.960,170721,69,1,True,0,0,0,0,0
Nathaniel Clyne,DEF,Crystal Palace,3.800,0,,-0.946,1,-0.530,62080,90,1,True,0,0,0,0,0
Tyrell Malacia,DEF,Man Utd,3.700,0,,-0.993,1,-0.230,79587,8,1,False,0,0,0,0,0
Joško Gvardiol,DEF,Man City,5.800,0,,-1.023,1,-0.350,421006,12,1,False,0,0,0,0,0
Tyrick Mitchell,DEF,Crystal Palace,5.000,0,,-1.097,1,-0.360,300085,45,1,True,0,0,0,0,0
Michael Kayode,DEF,Brentford,4.600,0,,-1.299,2,-2.030,135878,90,2,True,0,0,0,0,0
Alex Murphy,DEF,Newcastle,3.800,0,,-1.502,1,-0.220,87530,6,1,False,0,0,0,0,0
Aaron Hickey,DEF,Brentford,4.000,0,,-1.781,1,-1.250,44325,30,1,False,0,0,0,0,0
Radu Drăgușin,DEF,Spurs,4.500,0,,-11.250,1,-0.250,3292,1,1,False,0,0,0,0,0
Joe Gomez,DEF,Liverpool,4.900,0,,-19.800,1,-0.440,19784,1,1,False,0,0,0,0,0
