date,home,away,line,system_num,system_bet,result,last_cover,cards,kicking,red_zone,long_haul,tour_leg2,derby,big_line,line_move
2025-09-26,Glasgow,Sharks,-19.5,0,,,,,,,1,0,0,1,0
2025-09-26,Stormers,Leinster,10.0,0,,,,,,,1,0,0,0,0
2025-09-26,Ulster,Dragons,-18.0,0,,,,,,,0,0,0,1,0
2025-09-27,Bulls,Ospreys,-18.0,0,,,,,,,1,0,0,1,0
2025-09-27,Cardiff,Lions,-10.0,0,,,,,,,1,0,0,0,0
2025-09-27,Connacht,Benetton,-5.0,0,,,,,,,0,0,0,0,0
2025-09-27,Scarlets,Munster,6.5,0,,,,,,,0,0,0,0,0
2025-09-27,Zebre,Edinburgh,6.5,0,,,,,,,0,0,0,0,0
2025-10-03,Dragons,Sharks,1.0,3,Dragons,W,0,-1,-1,0,1,1,0,0,0
2025-10-03,Stormers,Ospreys,-14.0,-1,,,-1,-1,1,0,1,1,0,1,0
2025-10-04,Benetton,Glasgow,-1.5,-1,,,0,1,1,1,0,0,0,0,0
2025-10-04,Bulls,Leinster,-6.5,-1,,,-1,-1,1,0,1,1,0,0,0
2025-10-04,Munster,Cardiff,-15.0,1,,,0,-1,-1,0,0,0,0,1,0
2025-10-05,Zebre,Lions,-2.5,-3,Lions,W,0,1,1,0,1,1,0,0,0
2025-10-10,Munster,Edinburgh,-6.5,-2,,,1,1,-1,0,0,0,0,0,0
2025-10-10,Scarlets,Stormers,7.5,1,,,0,0,-1,1,1,0,0,0,0
2025-10-11,Benetton,Lions,-12.0,-1,,,0,1,1,-1,1,1,0,0,0
2025-10-11,Cardiff,Connacht,-4.0,1,,,-1,1,1,1,0,0,0,0,0
2025-10-11,Glasgow,Dragons,-24.5,0,,,0,-1,0,1,0,0,0,1,0
2025-10-11,Leinster,Sharks,-19.5,1,,,0,1,-1,0,1,1,0,1,0
2025-10-11,Ospreys,Zebre,-19.0,-3,Zebre,L,0,-1,-1,1,0,0,0,1,0
2025-10-11,Ulster,Bulls,3.0,-1,,,0,1,-1,0,1,0,0,0,0
2025-10-17,Connacht,Bulls,0.0,-4,Bulls,W,-1,0,1,0,1,1,0,0,0
2025-10-17,Dragons,Cardiff,8.0,3,Dragons,W,1,1,1,1,0,0,1,0,0
2025-10-17,Edinburgh,Benetton,-12.0,2,,,1,1,-1,0,0,0,0,0,0
2025-10-18,Leinster,Munster,-17.5,1,,,0,1,0,-1,0,0,-1,1,0
2025-10-18,Lions,Scarlets,-15.5,-1,,,0,0,0,0,1,0,0,1,0
2025-10-18,Ospreys,Glasgow,3.5,-1,,,1,1,0,0,0,0,0,0,0
2025-10-18,Sharks,Ulster,-13.5,1,,,1,-1,-1,1,1,0,0,0,0
2025-10-18,Zebre,Stormers,16.5,1,,,1,0,-1,1,1,1,0,-1,0
2025-10-24,Glasgow,Bulls,-9.5,-3,Bulls,W,-1,0,1,0,1,1,0,0,0
2025-10-25,Benetton,Stormers,-0.5,0,,,1,1,-1,1,1,1,0,0,0
2025-10-25,Cardiff,Edinburgh,-7.0,1,,,1,1,-1,0,0,0,0,0,0
2025-10-25,Dragons,Ospreys,6.0,-3,Ospreys,L,-1,-1,1,0,0,0,1,0,0
2025-10-25,Leinster,Zebre,-22.5,3,Leinster,W,1,-1,1,0,0,0,0,1,0
2025-10-25,Lions,Ulster,-2.0,1,,,1,1,1,1,1,1,0,0,0
2025-10-25,Munster,Connacht,-11.5,-2,,,-1,-1,-1,-1,0,0,-1,0,0
2025-10-25,Sharks,Scarlets,-21.5,-1,,,1,1,1,1,1,1,0,1,0
2025-11-28,Dragons,Leinster,21.5,1,,,0,-1,0,1,0,0,0,-1,0
2025-11-28,Ulster,Benetton,-18.5,-3,Benetton,L,0,-1,-1,0,0,0,0,1,0
2025-11-29,Bulls,Lions,-14.0,-1,,,1,-1,0,0,0,0,-1,1,0
2025-11-29,Connacht,Sharks,-9.5,-4,Sharks,L,-1,1,1,0,1,0,0,0,0
2025-11-29,Edinburgh,Ospreys,-23.5,-1,,,0,-1,0,1,0,0,0,1,0
2025-11-29,Munster,Stormers,-10.0,3,Munster,L,1,0,0,1,1,0,0,0,0
2025-11-29,Scarlets,Glasgow,13.5,-2,,,-1,1,1,0,0,0,0,0,0
2025-11-29,Zebre,Cardiff,-6.0,3,Zebre,L,0,0,-1,1,0,0,0,0,0
2025-12-19,Cardiff,Scarlets,-6.0,1,,,0,-1,-1,0,0,0,-1,0,0
2025-12-19,Leinster,Ulster,-10.5,-1,,,1,1,0,0,0,0,-1,0,0
2025-12-20,Benetton,Zebre,-13.0,-3,Zebre,W,0,0,-1,0,0,0,-1,0,0
2025-12-20,Dragons,Connacht,9.5,1,,,1,0,0,1,0,0,0,0,0
2025-12-20,Glasgow,Edinburgh,-12.0,1,,,0,-1,1,0,0,0,-1,0,0
2025-12-20,Ospreys,Munster,7.0,-4,Munster,W,-1,1,1,-1,0,0,0,0,0
2025-12-20,Sharks,Bulls,2.0,0,,,0,1,1,0,0,0,1,0,0
2025-12-20,Stormers,Lions,-15.0,-2,,,0,1,-1,0,0,0,-1,1,0
2025-12-26,Cardiff,Dragons,-13.5,1,,,1,0,0,1,0,0,-1,0,0
2025-12-26,Scarlets,Ospreys,-5.5,-3,Ospreys,W,-1,1,-1,-1,0,0,-1,0,0
2025-12-27,Connacht,Ulster,4.0,2,,,1,1,0,1,0,0,1,0,0
2025-12-27,Edinburgh,Glasgow,5.5,-5,Glasgow,W,0,1,-1,1,0,0,1,0,0
2025-12-27,Munster,Leinster,5.5,3,Munster,W,0,0,-1,-1,0,0,1,0,0
2025-12-27,Zebre,Benetton,5.0,-3,Benetton,W,0,-1,0,-1,0,0,1,0,0
2026-01-01,Dragons,Scarlets,2.5,-3,Scarlets,L,-1,1,1,-1,0,0,1,0,0
2026-01-01,Ospreys,Cardiff,-4.5,-3,Cardiff,L,-1,1,1,-1,0,0,-1,0,0
2026-01-02,Ulster,Munster,-8.5,-4,Munster,L,0,0,-1,0,0,0,-1,0,0
2026-01-03,Benetton,Edinburgh,-9.0,-2,,,-1,0,0,0,0,0,0,0,0
2026-01-03,Glasgow,Zebre,-24.5,-3,Zebre,L,-1,0,0,0,0,0,0,1,0
2026-01-03,Leinster,Connacht,-19.5,-3,Connacht,L,0,0,-1,0,0,0,-1,1,0
2026-01-03,Sharks,Lions,-12.5,3,Sharks,L,-1,-1,0,-1,0,0,-1,0,0
2026-01-03,Stormers,Bulls,-9.5,-1,,,-1,-1,0,-1,0,0,-1,0,0
2026-01-23,Edinburgh,Bulls,-2.5,0,,,-1,-1,0,0,1,0,0,0,0
2026-01-23,Munster,Dragons,-16.0,3,Munster,L,1,1,0,1,0,0,0,1,0
2026-01-23,Ospreys,Lions,-5.5,1,,,1,-1,0,-1,1,0,0,0,0
2026-01-24,Cardiff,Benetton,-7.5,-3,Benetton,L,-1,0,1,1,0,0,0,0,0
2026-01-24,Connacht,Leinster,8.0,1,,,1,-1,-1,1,0,0,1,0,0
2026-01-24,Scarlets,Ulster,7.5,0,,,1,1,0,1,0,0,0,0,0
2026-01-24,Stormers,Sharks,-11.0,-3,Sharks,W,-1,0,-1,0,0,0,-1,0,0
2026-01-24,Zebre,Glasgow,20.5,0,,,1,1,1,1,0,0,0,-1,0
2026-01-30,Benetton,Scarlets,-11.5,1,,,1,-1,1,1,0,0,0,0,0
2026-01-30,Glasgow,Munster,-5.0,-1,,,0,0,0,-1,0,0,0,0,0
2026-01-31,Leinster,Edinburgh,-7.0,0,,,0,0,-1,0,0,0,0,0,0
2026-01-31,Lions,Bulls,5.0,-1,,,0,0,0,-1,0,0,1,0,0
2026-01-31,Ospreys,Dragons,-6.0,2,,,1,-1,1,1,0,0,-1,0,0
2026-01-31,Sharks,Stormers,2.5,-1,,,-1,-1,-1,-1,0,0,1,0,0
2026-01-31,Ulster,Cardiff,-11.5,-2,,,1,-1,1,1,0,0,0,0,0
2026-01-31,Zebre,Connacht,5.5,-3,Connacht,W,-1,1,-1,0,0,0,0,0,0
2026-02-21,Lions,Sharks,-6.0,-3,Sharks,L,1,0,-1,1,0,0,-1,0,0
2026-02-27,Cardiff,Leinster,6.5,-3,Leinster,L,0,1,1,0,0,0,0,0,0
2026-02-27,Edinburgh,Scarlets,-12.0,1,,,1,1,1,-1,0,0,0,0,0
2026-02-28,Bulls,Sharks,-13.0,-5,Sharks,L,-1,1,0,-1,0,0,-1,0,0
2026-02-28,Connacht,Glasgow,-3.0,-2,,,-1,0,0,-1,0,0,0,0,0
2026-02-28,Dragons,Benetton,-3.5,-5,Benetton,W,-1,1,0,1,0,0,0,0,0
2026-02-28,Lions,Stormers,5.5,-1,,,-1,0,-1,-1,0,0,1,0,0
2026-02-28,Munster,Zebre,-24.5,-3,Zebre,W,-1,0,0,-1,0,0,0,1,0
2026-02-28,Ospreys,Ulster,6.5,0,,,0,-1,-1,0,0,0,0,0,0
2026-03-13,Connacht,Scarlets,-8.5,1,,,0,1,1,-1,0,0,0,0,0
2026-03-13,Edinburgh,Ulster,1.0,1,,,-1,0,0,-1,0,0,0,0,0
2026-03-14,Bulls,Stormers,-9.5,-3,Stormers,W,-1,1,1,-1,0,0,-1,0,0
2026-03-20,Bulls,Cardiff,-19.5,1,,,1,0,-1,0,1,0,0,1,0
2026-03-20,Scarlets,Zebre,-16.0,-1,,,1,-1,-1,1,0,0,0,1,0
2026-03-20,Ulster,Connacht,-12.0,-1,,,-1,1,-1,0,0,0,-1,0,0
2026-03-21,Benetton,Ospreys,-7.0,3,Benetton,W,1,0,1,0,0,0,0,0,0
2026-03-21,Glasgow,Leinster,2.5,-1,,,0,-1,0,1,0,0,0,0,0
2026-03-21,Lions,Edinburgh,-12.0,-4,Edinburgh,L,-1,1,0,-1,1,0,0,0,0
2026-03-21,Sharks,Munster,-6.5,-1,,,0,1,-1,0,1,0,0,0,0
2026-03-22,Stormers,Dragons,-30.5,-1,,,-1,-1,1,-1,1,0,0,1,0
2026-03-27,Glasgow,Benetton,-17.5,-2,,,-1,0,-1,0,0,0,0,1,0
2026-03-27,Leinster,Scarlets,-25.0,3,Leinster,L,1,1,-1,1,0,0,0,1,0
2026-03-27,Sharks,Cardiff,-18.0,2,,,-1,-1,0,-1,1,1,0,1,0
2026-03-28,Bulls,Munster,-14.5,-2,,,-1,-1,0,-1,1,1,0,1,0
2026-03-28,Connacht,Ospreys,-10.5,-4,Ospreys,W,-1,0,1,-1,0,0,0,0,0
2026-03-28,Lions,Dragons,-17.0,-1,,,0,1,0,0,1,1,0,1,0
2026-03-28,Stormers,Edinburgh,-17.5,-3,Edinburgh,L,0,1,0,0,1,1,0,1,0
2026-03-28,Zebre,Ulster,11.5,1,,,-1,1,-1,0,0,0,0,0,0
2026-04-17,Dragons,Bulls,14.5,1,,,-1,0,0,0,1,0,0,-1,0
2026-04-17,Edinburgh,Zebre,-16.5,-2,,,0,-1,-1,0,0,0,0,1,0
2026-04-17,Ulster,Leinster,-4.5,-4,Leinster,W,0,0,-1,0,0,0,-1,0,0
2026-04-18,Benetton,Munster,3.0,-1,,,1,1,-1,0,0,0,0,0,0
2026-04-18,Lions,Glasgow,-6.5,-1,,,0,0,0,1,1,0,0,0,0
2026-04-18,Ospreys,Sharks,-1.0,-1,,,-1,-1,0,1,1,0,0,0,0
2026-04-18,Scarlets,Cardiff,-2.0,-3,Cardiff,W,1,1,-1,0,0,0,-1,0,0
2026-04-18,Stormers,Connacht,-20.5,0,,,0,1,0,0,1,0,0,1,0
2026-04-24,Cardiff,Ospreys,-1.5,-1,,,0,-1,0,0,0,0,-1,0,0
2026-04-24,Edinburgh,Sharks,4.5,1,,,1,0,-1,-1,1,1,0,0,0
2026-04-24,Zebre,Dragons,-2.5,-1,,,-1,0,1,0,0,0,0,0,0
2026-04-25,Benetton,Leinster,13.0,1,,,1,-1,-1,0,0,0,0,0,0
2026-04-25,Lions,Connacht,-16.0,-3,Connacht,W,0,1,-1,0,1,1,0,1,0
2026-04-25,Munster,Ulster,-23.5,-1,,,-1,1,1,0,0,0,-1,1,0
2026-04-25,Scarlets,Bulls,13.5,1,,,1,1,0,1,1,1,0,0,0
2026-04-25,Stormers,Glasgow,-7.5,-2,,,0,1,-1,0,1,1,0,0,0
2026-05-08,Glasgow,Cardiff,-15.5,1,,,1,1,-1,0,0,0,0,1,0
2026-05-08,Ulster,Stormers,1.0,1,,,1,1,-1,1,1,0,0,0,0
2026-05-09,Bulls,Zebre,-33.5,-2,,,1,1,-1,-1,1,0,0,1,0
2026-05-09,Connacht,Munster,-4.5,-1,,,0,0,-1,1,0,0,-1,0,0
2026-05-09,Dragons,Edinburgh,1.5,-2,,,0,1,-1,0,0,0,0,0,0
2026-05-09,Leinster,Lions,-12.5,1,,,1,-1,-1,1,1,0,0,0,0
2026-05-09,Ospreys,Scarlets,-6.0,-1,,,1,1,-1,-1,0,0,-1,0,0
2026-05-09,Sharks,Benetton,-10.5,-1,,,1,0,-1,1,1,0,0,0,0
2026-05-15,Cardiff,Stormers,8.0,-3,Stormers,L,0,1,1,0,1,1,0,0,0
2026-05-15,Edinburgh,Connacht,4.5,3,Edinburgh,L,1,1,0,0,0,0,0,0,0
2026-05-15,Ulster,Glasgow,8.0,-2,,,0,1,1,0,0,0,0,0,0
2026-05-16,Bulls,Benetton,-25.5,-3,Benetton,L,-1,-1,1,-1,1,1,0,1,0
2026-05-16,Leinster,Ospreys,-21.5,1,,,-1,1,1,0,0,0,0,1,0
2026-05-16,Munster,Lions,-7.0,3,Munster,,0,1,0,0,1,1,0,0,0
2026-05-16,Scarlets,Dragons,-5.0,1,,,0,1,1,0,0,0,-1,0,0
2026-05-16,Sharks,Zebre,-23.5,-1,,,-1,-1,1,-1,1,1,0,1,0
2026-05-29,Glasgow,Connacht,-13.0,2,,,1,1,-1,1,0,0,0,0,0
2026-05-30,Bulls,Munster,-15.5,-1,,,0,-1,1,0,1,0,0,1,0
2026-05-30,Leinster,Lions,-16.5,-1,,,-1,1,1,-1,1,0,0,1,0
2026-05-30,Stormers,Cardiff,-15.5,2,,,1,-1,-1,1,1,0,0,1,0
2026-06-06,Glasgow,Bulls,-1.5,2,,,1,0,0,0,1,0,0,0,0
2026-06-06,Leinster,Stormers,-15.0,-1,,,-1,1,-1,-1,1,0,0,1,0
2026-06-19,Leinster,Bulls,-4.5,-1,,,0,-1,-1,-1,1,0,0,0,0
